roc_auc,mae,logloss,brier,threshold,accuracy,precision,recall,f1,predicted_positive_rate,observed_positive_rate,tpr,fpr,specificity,balanced_accuracy
0.7912,0.3787601901590824,0.5540523847937584,0.187659272173954,0.47000000000000003,0.74,0.75,0.72,0.7346938775510204,0.48,0.5,0.72,0.24,0.76,0.74
0.8806818181818182,0.47647055208683015,0.649041930437088,0.22804264314648165,0.49,0.76,0.8636363636363636,0.6785714285714286,0.76,0.44,0.56,0.6785714285714286,0.13636363636363635,0.8636363636363636,0.7711038961038961
0.6766666666666666,0.4820396500825882,0.6651571172475815,0.23620239612040428,0.5,0.66,0.5652173913043478,0.65,0.6046511627906976,0.46,0.4,0.65,0.33333333333333337,0.6666666666666666,0.6583333333333333
0.7175324675324675,0.40423937007784844,0.62647958740592,0.21676430994308235,0.5,0.7,0.6666666666666666,0.6363636363636364,0.6511627906976744,0.42,0.44,0.6363636363636364,0.25,0.75,0.6931818181818181
0.6808149405772496,0.4175611591339111,0.6456970548629761,0.2288507017030531,0.36,0.64,0.5172413793103449,0.7894736842105263,0.625,0.58,0.38,0.7894736842105263,0.4516129032258065,0.5483870967741935,0.6689303904923599
0.7310789049919485,0.4012660451233387,0.6250977028906345,0.21249450051130844,0.35000000000000003,0.7,0.6176470588235294,0.9130434782608695,0.7368421052631579,0.68,0.46,0.9130434782608695,0.4814814814814815,0.5185185185185185,0.715780998389694
0.8947368421052632,0.3197094185650349,0.4478240019083023,0.14081696619767148,0.59,0.8,1.0,0.6774193548387096,0.8076923076923077,0.42,0.62,0.6774193548387096,0.0,1.0,0.8387096774193548
0.8637110016420362,0.4193143939971924,0.5636982089281082,0.18811910737448723,0.52,0.82,0.8,0.7619047619047619,0.7804878048780488,0.4,0.42,0.7619047619047619,0.13793103448275867,0.8620689655172413,0.8119868637110016
0.7516666666666667,0.38154770866036414,0.6140823880583048,0.2102946304899856,0.5700000000000001,0.68,0.85,0.5666666666666667,0.68,0.4,0.6,0.5666666666666667,0.15000000000000002,0.85,0.7083333333333333
0.7727272727272727,0.3894076406955719,0.5611641742289066,0.18731829923021837,0.61,0.76,0.9444444444444444,0.6071428571428571,0.7391304347826088,0.36,0.56,0.6071428571428571,0.045454545454545414,0.9545454545454546,0.7808441558441559
