,feature to add,ROC AUC
0,start_glc,0.6810496678671468
1,duration,0.7016092517006801
2,sex_male,0.7179330932372948
3,form_of_exercise_mix,0.7331355902360944
4,time_of_day_evening,0.7367385674269707
5,bmi,0.7426563905562225
6,form_of_exercise_ana,0.7513786954781912
7,years_since_diagnosis,0.7584223769507803
8,time_of_day_morning,0.7543410324129652
9,sex_female,0.7590626010404161
10,form_of_exercise_aer,0.7579422168867549
11,time_of_day_afternoon,0.7626627931172469
12,hba1c,0.7467376390556222
13,intensity,0.7441766466586635
14,age,0.7326553021208484
