C,class_weight,dual,fit_intercept,intercept_scaling,l1_ratio,max_iter,multi_class,n_jobs,penalty,random_state,solver,tol,verbose,warm_start
1.941113956732388,,False,True,1,,100,auto,,l2,42,liblinear,0.0001,0,False
18.34242779942984,,False,True,1,,100,auto,,l2,42,lbfgs,0.0001,0,False
9.60631340244823,,False,True,1,,100,auto,,l1,42,liblinear,0.0001,0,False
1.0628520258831706,,False,True,1,,100,auto,,l2,42,lbfgs,0.0001,0,False
1.5791767250148963,,False,True,1,,100,auto,,l2,42,liblinear,0.0001,0,False
1.9305318905277993,,False,True,1,,100,auto,,l1,42,liblinear,0.0001,0,False
1.3869915456840434,,False,True,1,,100,auto,,l2,42,lbfgs,0.0001,0,False
1.7541704591369633,,False,True,1,,100,auto,,l2,42,liblinear,0.0001,0,False
0.8671438710610192,,False,True,1,,100,auto,,l1,42,liblinear,0.0001,0,False
30.340268334077194,,False,True,1,,100,auto,,l2,42,lbfgs,0.0001,0,False
