objective,use_label_encoder,base_score,booster,colsample_bylevel,colsample_bynode,colsample_bytree,enable_categorical,gamma,gpu_id,importance_type,interaction_constraints,learning_rate,max_delta_step,max_depth,min_child_weight,missing,monotone_constraints,n_estimators,n_jobs,num_parallel_tree,predictor,random_state,reg_alpha,reg_lambda,scale_pos_weight,subsample,tree_method,validate_parameters,verbosity,eta,seed
binary:logistic,True,0.5,gbtree,1,1,0.6789640076325412,False,0,-1,,,0.009572636280671471,0,10,9,,(),668,20,1,auto,42,0,3,1,0.4361597815206766,exact,1,,0.06474184968274305,42
binary:logistic,True,0.5,gbtree,1,1,0.6012712132785408,False,3,-1,,,0.02800324009987846,0,11,6,,(),24,20,1,auto,42,1,4,1,0.22327464408820746,exact,1,,0.05621493335906104,42
binary:logistic,True,0.5,gbtree,1,1,0.5847750294793321,False,5,-1,,,0.032100542332495464,0,12,4,,(),26,20,1,auto,42,1,2,1,0.6885223841761802,exact,1,,0.0938527607232952,42
binary:logistic,True,0.5,gbtree,1,1,0.303948639239182,False,1,-1,,,0.17070428794924702,0,3,4,,(),208,20,1,auto,42,5,0,1,0.6395273234187983,exact,1,,0.2637011346340473,42
binary:logistic,True,0.5,gbtree,1,1,0.8403692762121693,False,3,-1,,,0.16905134925446827,0,4,9,,(),308,20,1,auto,42,1,2,1,0.7837128099767381,exact,1,,0.21910618740473936,42
binary:logistic,True,0.5,gbtree,1,1,0.3013515852842463,False,0,-1,,,0.07608133020707111,0,8,9,,(),616,20,1,auto,42,2,0,1,0.3984133363942059,exact,1,,0.07826746062461253,42
binary:logistic,True,0.5,gbtree,1,1,0.8013600719071425,False,3,-1,,,0.08078821869630495,0,1,3,,(),734,20,1,auto,42,0,1,1,0.8865760994889309,exact,1,,0.17933856687471178,42
binary:logistic,True,0.5,gbtree,1,1,0.7421902612682847,False,0,-1,,,0.0052638081109304,0,11,9,,(),455,20,1,auto,42,3,1,1,0.6244185043009832,exact,1,,0.1606228084359708,42
binary:logistic,True,0.5,gbtree,1,1,0.9660192304985784,False,3,-1,,,0.03950760180483954,0,3,5,,(),942,20,1,auto,42,0,0,1,0.25671816210626147,exact,1,,0.16558354286509336,42
binary:logistic,True,0.5,gbtree,1,1,0.7898218022680612,False,0,-1,,,0.02883595217558274,0,10,6,,(),355,20,1,auto,42,3,2,1,0.31640345071413145,exact,1,,0.21687648421945227,42
