y,stratify
1,5
1,1
0,18
0,12
0,13
1,9
0,2
0,5
1,13
0,16
1,16
1,3
0,4
1,11
1,14
0,3
1,16
1,15
1,10
1,9
0,11
1,16
0,10
1,17
0,19
0,2
1,2
0,6
1,19
0,8
0,3
0,14
1,16
0,1
1,3
1,18
1,9
1,6
1,1
0,10
1,6
0,12
1,4
1,13
1,17
1,8
1,20
0,3
0,12
1,7
0,12
1,2
0,14
0,5
1,9
0,11
1,5
1,3
0,17
1,2
0,1
0,7
1,14
1,5
0,19
0,11
0,2
0,8
0,9
0,3
1,2
1,7
1,5
0,5
1,20
0,13
0,20
0,6
0,20
1,18
0,2
0,6
0,9
0,3
1,1
1,1
1,19
1,5
1,13
0,19
0,12
0,16
0,19
1,3
1,12
1,5
0,2
0,7
1,13
1,15
1,3
1,20
1,5
1,8
1,1
0,8
0,18
0,20
0,16
0,18
1,20
0,12
0,13
0,13
0,10
1,7
1,14
0,16
0,15
0,12
0,9
0,8
0,18
1,18
0,13
0,18
0,15
1,4
0,17
1,5
1,16
0,9
1,10
0,18
1,17
1,18
1,7
1,4
1,5
1,16
0,3
0,18
1,14
1,15
0,17
0,1
0,17
1,11
0,17
1,14
0,20
1,19
1,7
1,13
0,18
0,14
1,1
0,7
1,8
0,18
1,9
1,1
1,17
1,19
0,6
0,3
0,5
0,2
1,20
0,4
1,10
1,10
1,11
1,16
0,17
1,16
0,7
0,16
1,3
0,16
1,8
0,12
1,3
0,17
1,18
1,11
0,4
0,16
1,17
0,9
0,6
0,20
0,2
1,9
0,6
1,3
1,20
1,6
0,7
0,1
0,1
1,5
0,6
0,13
1,2
1,15
0,15
0,13
0,14
0,7
0,14
0,10
0,17
0,14
1,8
0,4
1,16
1,13
1,20
0,18
0,14
1,18
0,5
1,9
1,3
0,8
1,20
1,10
1,19
0,3
1,11
1,11
1,17
1,16
0,7
1,4
0,19
1,12
1,15
1,11
1,5
0,5
1,15
1,18
1,11
1,12
0,2
1,20
1,15
1,20
1,4
0,18
0,6
0,19
1,11
1,2
1,8
1,11
0,5
0,18
1,18
0,14
1,10
1,3
1,9
1,3
0,11
0,12
0,12
1,3
0,7
1,14
1,11
0,7
1,10
1,11
0,15
0,19
1,16
1,20
1,12
0,18
0,13
0,5
0,4
0,14
0,8
1,9
1,19
1,3
1,5
0,18
1,1
0,8
0,19
0,17
1,17
0,11
0,2
0,6
0,14
1,3
0,12
1,4
0,12
0,13
0,2
1,2
0,15
1,17
0,7
0,14
0,12
0,17
1,14
0,6
1,19
1,6
0,18
1,5
1,6
0,2
1,8
0,15
1,15
1,11
0,1
1,18
1,12
0,12
1,11
1,8
0,7
1,2
1,11
0,10
0,3
1,20
1,10
0,18
0,14
1,18
0,8
0,10
1,13
1,8
1,4
1,4
1,5
0,1
0,17
0,2
1,8
0,7
1,15
1,5
0,2
0,7
0,8
1,7
0,7
0,14
1,18
0,6
0,4
1,10
1,18
1,12
0,16
1,7
0,6
1,5
1,3
0,12
0,15
0,10
0,20
0,19
0,16
1,11
1,8
1,3
1,7
1,7
1,14
0,2
1,10
0,19
0,9
1,16
0,19
0,18
0,9
0,16
1,13
1,10
1,20
0,14
0,12
0,19
1,7
1,15
0,16
1,8
0,10
1,4
1,19
0,19
1,15
0,14
1,1
1,16
1,10
0,19
1,3
0,5
0,9
0,18
1,11
1,16
0,2
0,12
1,6
0,11
0,8
1,12
0,2
0,9
0,15
0,2
1,1
1,10
0,2
0,12
0,8
0,5
0,1
1,15
0,6
0,12
1,8
0,13
0,19
1,1
1,11
0,20
0,1
1,8
0,5
0,17
1,8
0,10
1,2
0,9
1,3
1,18
0,7
0,15
1,20
1,18
0,3
0,14
0,2
0,14
0,11
1,16
0,8
0,7
1,11
1,3
1,17
1,14
0,6
0,8
0,5
0,8
1,2
0,15
0,12
1,17
1,1
1,15
1,14
0,20
1,16
1,9
1,1
1,17
0,13
0,5
0,10
0,6
1,19
1,13
0,1
1,20
1,15
1,14
0,8
1,10
