start_glc,duration,intensity,form_of_exercise_aer,form_of_exercise_ana,form_of_exercise_mix,years_since_diagnosis,hba1c,time_of_day_morning,time_of_day_afternoon,time_of_day_evening,sex_male,sex_female,bmi,age
167.38499535539313,35,6.862783495166778,1,0,1,27,7.347920653543182,1,0,0,0,1,20.607634826255936,47
145.16074945900854,73,8.467676233364815,0,1,1,23,6.357627937279755,0,0,1,0,1,25.1566183672525,36
172.66909883352423,107,2.8577914458454288,1,0,1,27,7.366119468323274,0,1,0,0,0,17.560260552693578,40
203.3060449742809,68,1.0989624579263242,1,0,0,34,8.04795244484732,1,0,0,0,0,22.578618386490874,33
141.80463188468323,65,2.2319706706192655,0,0,0,38,5.696351497591983,1,0,1,0,0,21.286513320711123,18
141.8052065067787,68,9.100167776632945,0,1,1,14,6.248741707356922,0,0,1,1,0,27.271028308344274,29
205.2724485427587,118,8.865010698062637,1,1,1,36,7.347850616611349,0,1,0,0,1,21.75774116149854,41
176.8602155203518,79,6.376717919532775,0,0,0,8,7.568335783552039,1,1,1,1,1,18.055616965606003,51
133.5683964922767,110,6.40465174390288,1,1,1,35,7.790464299927721,0,0,0,1,0,24.192719612261808,25
168.98960152550876,42,6.9853300709163,0,1,0,19,7.2887115831102145,1,0,0,0,0,26.279544561098035,35
133.78038075156383,62,2.5783415076110465,0,0,1,30,7.569209924012648,0,0,1,0,0,23.915179226957097,65
133.69945862504102,31,9.229707513324637,0,0,1,14,7.922784566832545,1,1,1,1,1,22.554708883123567,22
158.4686795048112,30,4.768934724028658,1,1,0,20,6.868433518583739,0,1,1,0,0,22.31375159766295,43
83.03519143697707,79,4.448246754245477,0,0,0,25,6.713131131194864,0,0,0,1,1,25.451792129768137,47
89.62787586204385,79,5.670259347545538,1,1,0,24,7.065194695252106,1,0,1,0,0,21.442205003041806,30
130.31993647656594,13,1.4226937009754954,1,1,0,14,7.359590353821931,0,0,0,0,0,23.686068114357866,36
114.55091078829517,103,2.4965503188047147,1,1,1,26,6.673381245438946,0,0,1,0,0,28.001786283549492,46
160.99865664083458,84,7.642302547837334,1,1,0,38,6.88499414682143,1,1,0,1,1,19.794707684377418,20
118.21915735675762,71,1.7451880113261382,0,1,1,23,7.518161416405837,0,0,1,0,1,24.825331921038913,43
100.5693704532648,71,6.428368985197494,1,1,0,22,7.326200624823772,0,1,0,1,1,17.844042348811982,57
201.2977069122544,103,3.2081419871318886,1,0,0,19,7.051730301747393,0,0,1,0,0,25.91171868003981,29
142.09782948297126,104,4.503660526377789,0,0,1,3,5.8071445519498806,1,0,0,1,1,21.084763156803756,19
152.36348716407733,33,3.598243630936299,1,1,0,19,7.197193606393168,1,0,1,0,1,29.07836725212318,28
100.133813482529,64,4.201054448184542,0,1,0,9,6.423996825992766,1,0,1,1,0,19.092210761418606,61
130.9466046416186,18,7.471413146658209,1,1,0,28,7.98646616416472,0,0,0,1,0,26.768316147204033,45
153.8822906398453,12,3.6740954406085753,0,0,0,20,6.953023077377194,0,1,1,1,1,29.884524314105974,35
109.7152247902194,40,6.097641762672074,1,1,1,7,6.403014355021984,0,0,0,1,1,20.877242394318124,30
163.1494306420985,49,5.284453619791897,0,0,1,14,7.150765380895961,0,0,0,1,1,21.552460284020242,54
128.97764585284182,110,6.973040488263833,1,1,0,9,8.216559668073753,1,0,1,1,1,21.22321742249361,39
139.7907187572353,45,9.431467653922821,1,1,0,19,7.7046526793156955,0,1,0,0,0,23.056549246382783,29
128.9402685719711,33,7.593148874892252,0,0,0,14,7.375933720484747,0,1,1,1,0,27.06968719675786,19
214.82973645781283,104,2.934463407316811,0,0,1,38,6.139123952762515,0,1,1,1,0,22.729980264451505,54
149.5275971341723,15,1.2806482155515622,0,1,1,36,8.497280079813057,1,1,0,1,1,20.516167099174574,24
112.98011748654349,75,3.360376398698426,0,1,1,17,6.702698260771278,0,0,1,0,1,16.92498517366684,43
178.78907192361163,93,6.355701376302293,1,1,1,30,7.947027130297874,0,0,0,0,0,31.407790026049586,43
107.27047225101421,101,1.462832321358253,1,0,0,9,6.939709697318868,0,0,0,0,0,31.72198252165859,41
157.31022582516644,84,5.467296224811127,0,0,0,33,7.870006297986592,0,1,1,1,1,27.240948157953827,29
81.41154566420785,13,6.371585640252003,1,0,0,25,8.245499276700219,0,0,1,0,1,21.75846522230006,33
103.51348828855492,88,4.008195017352648,0,0,1,14,7.718509815926026,1,0,0,0,0,27.990808460526587,40
156.89014325541933,15,7.938209833712397,0,0,0,11,7.804683967807952,0,1,0,1,0,28.794827669972264,57
175.84633029983937,103,1.9593842782039461,1,0,1,35,7.121248811075494,0,1,1,1,0,23.983007474349066,26
155.99788984164897,111,1.6762400356222789,1,1,1,14,6.852827086341751,0,1,1,0,1,25.165474175995563,49
145.95231011641158,60,7.55369880583243,1,1,0,30,7.310638951828649,0,0,1,1,1,29.92707291795797,32
139.4613706543749,71,5.459421845855786,1,0,0,4,6.928068395384627,0,0,1,1,1,18.438154571774366,54
98.25173033714003,66,7.195621567849624,1,1,0,4,9.173762968649994,0,1,0,1,1,28.993691292488695,30
124.80545270618519,75,4.913446047433716,1,1,1,28,6.4061133708075895,0,0,1,1,1,23.76338475457395,22
133.87764301640743,88,3.2176182991519613,1,0,1,8,8.001668173272327,0,1,0,0,1,20.5496867919558,28
186.99927791766206,84,8.371920859067798,0,1,0,2,7.613757467631211,0,1,0,1,0,20.878774106822647,27
162.02664013489616,17,8.194742910720812,0,0,0,22,7.3838977664991505,0,0,1,0,0,21.54111146192365,69
88.29359456230432,35,7.252268237689841,0,0,1,16,8.383908879931072,1,1,0,0,1,20.159717119595186,30
161.34293892881783,60,3.449306235069664,0,1,0,29,7.438701962080944,1,1,1,0,0,32.08555589755606,58
136.52212018542892,54,6.312076001821784,0,0,1,30,6.692074464206068,1,1,0,0,1,26.964811754004003,63
126.30772998929145,53,4.248765072460241,1,0,1,12,7.433384301802726,1,0,1,1,0,29.257931014434273,67
171.40867010943037,14,1.8242386599397074,0,0,0,35,7.053457384875817,0,1,0,1,1,27.24947316646671,32
186.08498328735828,79,9.255822179160186,0,0,0,11,7.60262773505332,1,1,0,1,0,25.244910433880694,59
182.59480416906695,35,2.2313676782706526,0,0,0,21,7.850458905303599,1,1,1,0,0,25.299021293462527,24
120.62738668720765,77,9.552136184387223,0,0,0,21,6.5127296461087445,0,1,1,0,1,23.40994944436055,57
139.17756684520748,28,5.014051956621602,0,0,1,5,8.156268894402253,1,1,0,0,1,23.73687049423932,45
161.59422009912473,93,2.666196359547577,0,0,1,20,6.996080124105233,1,1,0,1,0,19.367586504748434,49
184.14407944928257,106,5.877108526405223,0,1,1,37,7.554891138145743,0,1,1,0,0,29.327304604161053,52
133.22890167541485,29,8.856512522887675,1,1,0,3,7.693624136256557,0,0,0,1,1,17.747066855987818,32
143.5019358167664,21,7.590023977686051,1,1,1,33,7.493910952504504,0,0,1,1,0,20.765557637883205,65
111.27827590978902,56,8.259050330753048,0,0,0,9,7.112713185877945,1,1,0,1,1,33.048136523842444,53
108.13276815717651,10,6.929050300396456,1,0,0,9,6.809121934405869,1,0,1,1,1,25.544691532259307,38
178.43840378379693,99,7.230489080660672,1,1,0,4,6.984804394157327,0,0,0,0,0,25.710841780120795,23
197.4684009999788,23,8.642760864087872,1,1,0,35,8.452137546023103,0,1,1,1,1,27.549354191070915,18
147.47964574468833,73,3.2470120797326736,1,1,0,17,6.507306850296753,1,0,1,0,0,18.83865002751442,21
185.12365142622085,47,5.404824672788264,0,0,0,34,6.6246053296296274,0,1,0,1,0,19.42482653411991,28
162.65726087666718,46,2.99088497637642,1,1,1,24,6.589480941485029,1,1,1,0,1,23.220422613804615,61
127.42080858882065,20,9.889012071969823,1,1,0,32,7.308603103934132,0,1,0,0,0,21.38655616980924,43
162.64884619279448,109,9.49653405717952,1,0,1,1,5.980235640009756,0,1,1,1,1,24.700176139962398,54
203.83127982630893,86,1.354841302316553,0,1,1,8,6.117152115092486,1,1,1,1,1,26.942197181208545,40
148.7460886311517,116,7.350176552641196,0,0,0,23,6.991236133632594,0,0,1,1,1,30.556652191482385,46
204.76252795349023,12,9.327234856740992,0,0,0,12,6.16977964376141,0,1,0,0,0,28.244353359158364,38
70.0,42,2.6251781061460018,0,0,0,12,6.234982952573759,0,0,1,1,1,21.022893153244183,65
178.76658765313283,15,6.111507074973665,0,1,1,15,6.175785272509649,1,1,0,1,0,23.50014368820883,62
153.046647388336,59,9.239394678292376,0,1,0,19,6.522710632693337,0,1,1,0,1,22.412219315001543,62
139.53474273369463,19,1.3055138072721895,0,0,1,26,7.784997205336325,0,1,0,1,1,20.933756483950603,66
153.2116271787426,14,7.276782405221559,1,1,0,29,7.964566364896866,0,0,0,0,1,20.02329954928867,44
80.43508798896875,32,3.676141066352957,1,1,0,22,8.735200714574885,0,1,0,1,0,31.65724955089816,56
142.31148392568707,19,9.319565758388773,1,1,1,21,8.705889486810783,0,1,1,0,0,25.0425689729306,57
162.49894000291113,53,9.73952420648831,0,1,1,38,7.829050167904358,0,1,0,0,1,24.10307917358101,30
201.72629156595306,11,9.498398402020905,0,0,0,20,8.022142139840826,1,1,1,1,1,26.937030266377207,40
131.86054236042236,22,5.267927949917174,0,1,1,29,7.304881672548735,1,0,0,0,0,27.13498441496629,33
121.70272389873844,49,8.758383858903821,0,0,1,4,7.615891881609816,0,1,0,1,0,29.475302614825686,47
132.43850347454122,11,8.600944586815633,0,0,1,7,8.754882438546536,1,0,0,1,0,22.025353546532937,21
182.0390741195726,93,3.871904259189301,1,1,1,28,7.496970294445465,1,1,0,0,1,26.610888867491283,57
161.50628883808895,74,8.460239267356096,1,0,1,28,8.122590862836192,0,0,1,1,0,21.355304094596686,33
131.45839286815365,72,1.3330687124394336,0,1,0,4,6.4525187131371915,1,0,0,0,1,24.239368225045087,48
167.96436015896745,110,6.366428906338477,0,1,0,22,6.667009020593418,1,1,0,0,0,25.226970268648216,59
153.3977142271814,82,3.0700795355893273,0,0,1,12,7.449655678235974,1,1,1,0,1,25.617935982876244,42
183.9025746686511,26,2.0851019719955093,0,0,0,3,7.319945336050713,1,0,0,0,1,25.441284423388762,61
125.42814171429266,18,1.6925788146628824,1,0,0,22,6.7040526500760835,1,1,0,0,1,28.207323930179676,29
138.53182486907812,84,7.266598982903258,0,0,1,2,9.125902067144976,1,1,0,0,0,22.61204643609691,43
136.2762146403745,24,4.058874673912595,0,1,0,24,7.338075283131893,1,1,0,0,0,25.726697091613886,54
98.77697681537585,33,7.522900943758853,0,1,1,34,6.845819958252271,1,0,1,0,0,21.9643806419184,65
160.36420969726015,47,1.5882070671904813,0,1,1,27,7.321295061888504,0,1,1,1,1,36.68301026354352,50
159.13693452629613,44,3.837613040475493,1,0,0,1,7.220341362089308,0,1,0,1,1,21.348542728945482,45
150.17897098248613,103,5.855421631378035,0,0,1,8,7.350242038312871,1,1,1,0,0,22.197389382621783,26
141.78945033186986,104,8.116508483550671,0,0,1,23,5.925026387719174,1,0,1,1,1,28.53059230805248,29
100.4620240282355,58,3.8687725263886295,1,1,1,38,8.233557357253492,0,1,0,1,1,23.282139425995368,22
135.27741370321243,78,6.633022387933082,1,0,1,6,8.27906353635132,1,0,1,1,1,28.532184510804118,69
138.00499192156306,71,8.973799734125684,1,1,1,22,8.376256617629188,1,1,0,1,0,25.612090374903538,45
121.92029557724334,69,6.542768693640741,0,0,0,25,7.460345406829038,0,0,1,1,1,23.38724293378484,52
144.35500009168967,117,3.096635272782704,0,1,0,18,7.729984848131613,0,1,1,1,0,21.98897860350089,22
164.14177998850886,59,1.2196070340088423,1,1,1,17,6.5070184415942,0,1,1,0,0,21.84465375345251,51
216.01650654236857,87,8.830889865108368,1,0,1,12,7.866319462877912,1,0,0,1,0,23.430715989949032,63
156.11022344911436,84,1.1914246976534844,1,0,0,6,7.401430165515151,1,0,1,1,0,24.30241472662081,51
159.01426367529675,18,8.872315054157795,1,1,1,26,6.831674707488606,0,0,0,1,0,21.672475026304504,30
147.39439294818413,43,5.760434206244907,1,1,0,27,7.891795753312673,0,1,0,1,1,24.56307027925382,56
82.84300746453354,85,9.451609286616065,1,0,1,8,7.922759228872881,1,1,1,0,0,20.62353882932797,59
149.0720143592774,108,8.189049121962988,0,0,1,19,7.248487068539947,0,1,0,0,0,28.02360486638541,62
152.10805734793593,44,9.981406994800038,0,1,1,1,7.550706064102723,1,1,1,0,0,28.78944959783986,65
236.213473936985,10,4.156406339065391,0,0,1,29,6.374626390453152,1,0,0,0,1,22.182699239165874,31
143.26736623266072,49,7.904694600380142,1,1,1,35,8.194546749771487,0,1,0,1,1,21.959307779539117,28
160.55415698167644,73,4.617378222483179,1,1,1,14,6.480949449572079,0,1,1,0,1,25.711667228039488,59
148.7850880603165,31,5.318880582735179,1,0,1,35,6.63565948153666,1,1,1,0,1,30.06146437212626,55
109.09626868331638,69,6.64754916896533,1,0,0,20,7.24985251634443,0,1,1,0,0,30.946654657012694,21
189.99879850802571,73,8.863094027677048,1,0,0,13,8.091613027374768,0,1,1,0,0,19.38902910705493,50
176.3176561440371,102,9.856751222793656,1,0,0,38,8.09115890657253,0,1,0,1,1,29.025219318606098,24
177.68611814650666,81,7.914460724780664,0,0,1,8,7.196140302475896,0,1,0,0,1,24.753786648259222,58
118.17143908218414,20,4.759901039506004,0,1,1,20,7.818410689803049,1,0,0,1,1,24.831241198157862,25
199.09780088276347,114,4.792213020493632,1,1,1,33,5.848753240536883,1,1,1,0,1,27.018849462602244,54
100.93521280227017,110,7.638240714300023,0,0,1,26,6.6245440078963576,1,1,0,1,0,23.076170118335543,68
170.53999828300945,23,3.148994311914721,1,0,1,39,6.640839648429119,1,1,1,1,1,29.38680252843322,27
226.66594690334927,69,1.994267018182552,0,0,1,21,8.201770327807854,0,1,0,0,1,30.695849087079228,60
115.33122862042592,39,4.191599418766989,1,1,1,9,7.723723330326406,0,0,1,0,1,30.845137110140946,32
130.179579463903,44,3.5851509248867357,1,0,0,24,7.34772222072368,1,0,0,0,1,17.62434084693888,55
153.48779777806743,94,3.6667730841039106,0,0,1,37,7.425388051063499,1,0,0,0,1,24.081370925086283,32
132.37835210593303,46,3.1024697594491895,0,1,0,17,8.4546714208241,0,0,1,1,1,17.25907766076897,22
95.72677991268536,14,1.378838706727257,1,1,0,24,7.063856266794759,1,0,0,1,1,21.938879752226633,46
152.39970411821096,92,1.1608654126007243,1,0,1,21,6.148746153172768,1,0,1,0,0,16.0,36
112.81937001958633,87,9.889501507624283,0,0,1,39,8.069756147516244,0,1,0,0,0,26.801066538557947,68
166.57573507223137,35,4.849958203622761,0,0,0,39,7.3454712297640485,1,0,0,1,0,25.877238542320697,27
117.82015180181689,71,4.4589398244371345,1,1,0,13,7.962937342532625,0,0,1,0,0,23.269595573772936,29
204.24770417561388,13,7.116825544237629,0,0,1,11,7.164188154090794,0,1,1,1,0,21.835407557798796,21
122.5861347682317,98,2.9642849907855773,1,0,1,19,6.529048381036885,1,0,0,0,0,26.25612649741468,48
138.72784693280136,118,9.549650655552028,1,0,0,11,7.522257376866381,0,1,0,1,1,20.954311714515615,35
178.47310260793844,51,8.07710512973997,1,1,1,13,7.208140056593145,1,1,0,1,1,20.682151540930693,33
106.91974892481156,98,1.8046990208103355,1,1,1,1,7.347953826299528,0,0,0,1,0,20.190335192261163,57
157.96109771114453,27,4.758226982064356,0,0,1,19,8.493256395293933,1,1,0,1,1,24.184636277045403,53
195.749996399885,49,8.912064768059482,0,0,0,12,6.321038018092239,1,0,0,1,0,22.67076972186895,42
93.73808679035704,81,9.502588200622693,0,1,0,8,7.428734928380786,1,0,1,0,1,23.463047926145318,40
156.46218504863066,48,5.2066136012488275,0,1,0,8,6.544802647873059,0,1,1,1,1,27.087234960074927,29
159.09589779869484,113,6.520702502896369,0,1,1,12,5.127563221503953,0,1,1,0,1,28.853186419437996,51
177.36380051220587,23,2.503305514828677,0,1,1,33,7.160827848782221,1,0,0,1,1,30.801923139583543,53
106.70672511926713,41,9.92051763523279,0,1,0,26,7.224818349599846,0,1,0,1,1,25.24054791187317,54
103.78401854205032,60,3.0850453124509905,1,1,0,39,7.698817682360607,1,1,0,0,1,26.39035641025108,20
168.26795479659143,47,9.48458596721613,0,1,0,28,7.025967401132846,1,0,1,0,0,25.755385428523656,26
160.3944635631615,106,6.846819840931316,0,1,1,5,6.008799715900823,0,0,1,0,0,18.303257204744387,35
158.76724976210568,32,6.469631153909732,1,1,0,8,6.54205473819611,1,1,0,0,1,23.521211776115653,60
162.12568733239414,72,5.614196599148578,0,0,0,25,8.253567069349364,0,0,0,1,0,23.539607109037345,52
126.19913474475283,24,3.076028305459828,0,0,1,27,6.5306976565674955,1,0,1,0,1,22.956748696921554,51
158.12887940063513,106,2.5887522880495744,1,0,1,23,8.466580423754005,0,0,1,1,0,24.83624268552465,58
160.25753656545385,34,2.9843758816315784,0,1,1,30,8.039987434057107,1,0,1,0,1,24.122077787142686,31
124.99770036907712,26,2.6779443592982908,0,0,0,23,6.945775516531144,1,0,0,0,0,21.05469294429977,21
215.30210789006648,106,8.01626026210078,0,1,1,20,6.616736669517841,0,0,0,1,1,24.395896184611786,46
166.58415223191255,120,4.151127332500571,1,1,1,18,8.038330375304463,1,0,0,1,0,22.443798411659877,58
108.30437759790729,75,1.5205840890705673,0,0,0,18,7.007271003925104,1,1,1,0,1,16.0,62
172.97937630218405,87,9.721923671267302,0,1,1,2,5.963479888240033,0,0,1,1,0,19.411724318758147,67
115.88614154204376,62,8.954072964670832,1,0,0,4,7.649853296498606,1,1,0,1,1,25.355657303252315,32
177.5479611309858,113,9.349770548756917,0,0,0,30,7.533810758286549,0,1,0,1,1,29.367565256616437,45
190.55084526525914,113,9.954170403817917,1,0,1,33,8.110164962171822,1,1,1,1,1,16.0,59
121.27611885769014,60,2.5650572429753855,1,1,1,36,7.479675999488238,0,0,0,1,0,21.51843346498537,33
183.71816452355125,48,4.566178170123929,0,0,1,18,6.760682418363427,1,0,1,1,0,26.72581533597904,29
164.44733244277745,60,7.824146281336822,1,1,1,37,8.215743071681707,1,1,1,1,0,28.512781855012673,69
178.77210559980716,79,7.26418556248413,1,0,1,19,8.293592346143075,1,0,0,1,1,23.319545753695927,22
216.38775439288816,15,2.3850631570586955,0,0,1,28,7.386564771188166,0,1,1,0,0,22.268870566315723,51
141.41141593989954,76,8.34249812491556,1,0,0,20,7.248257531626378,0,0,0,1,1,29.878842999560774,59
123.61923424748787,16,3.019965146529946,1,1,0,33,6.141383181515916,0,0,1,0,0,28.184370823994275,18
118.86699496310669,60,3.0143585334036076,0,1,1,12,6.713978926122819,0,1,1,1,0,28.434473592304062,56
121.44664002620966,81,5.832769806040722,0,1,0,15,7.808615713567483,1,1,0,1,0,23.12774399003702,49
147.30144017050634,51,6.336459413575328,0,0,1,39,6.75417575970984,1,1,1,1,0,29.454776950734715,43
161.94031911858252,73,6.220775870540301,1,0,0,2,6.034529704485342,0,0,0,1,1,17.219725068545152,34
159.68417797655067,24,1.8233815365797938,0,1,0,29,9.996702231680079,0,1,0,0,0,29.524920366636053,65
178.95141371626084,120,8.897147763673424,1,1,0,10,6.029275233258649,0,0,1,0,0,24.73387138623244,44
150.45506621572676,38,3.3904003832983545,1,1,1,2,9.005401117147294,1,0,0,1,1,25.51573676499126,41
200.8736927005061,42,2.1656342915452376,1,1,0,11,6.954061244321392,0,0,0,0,1,21.218989367690092,52
140.73701083667154,103,8.998732718820794,1,1,1,13,7.132349600684954,0,1,0,1,0,17.7438946075674,63
245.20592083063667,112,9.60086348406778,1,1,0,10,6.662177382249921,1,1,0,1,0,25.430816591166924,59
171.89835717177522,36,8.759148555389055,1,0,0,14,7.826269731790314,1,1,0,0,1,27.20557819836559,56
119.99948552543012,45,8.285644672523903,1,1,0,18,6.048180629511933,0,0,0,0,1,27.81076953927506,43
112.51876256786107,38,6.8971778257511955,0,0,0,9,5.727736771012663,1,0,1,1,1,27.379114383298344,66
166.88653453351148,47,5.957716335482254,0,0,0,39,8.488137223502886,0,1,0,1,0,26.47264678021383,55
142.17880251359523,66,1.7828808392026914,1,1,1,28,6.556822080954418,1,0,1,0,0,21.30485425522816,40
174.99001729322322,106,4.676078917636288,1,1,1,3,7.796870495631747,0,0,1,1,0,28.06990429008013,39
166.56331686007408,110,4.354196653110826,0,0,0,20,6.331635138483027,0,1,0,0,1,20.857510610098686,21
147.45098805700945,36,3.337784053842936,1,1,0,6,7.766736834315666,0,1,1,1,1,29.42825694426054,66
120.36221986760583,64,7.510781023197264,0,1,0,27,8.546837199022761,0,1,1,1,1,24.664072524775307,26
96.98034713599475,42,5.4628816157089375,0,0,0,2,6.778302891667907,1,0,0,0,0,24.797163120538066,21
134.37197667765426,77,1.7294159431688314,0,0,1,29,5.653247114571215,1,0,0,0,1,28.46370647322041,24
179.97395780132155,95,2.981648817548302,1,0,0,38,8.551035130647925,1,0,0,0,0,29.005874502136557,40
157.49328104455714,75,7.149328872936364,1,1,1,3,7.9409954572199135,1,0,1,1,1,28.082554715800555,19
106.39914274508041,19,1.6851777354127018,0,0,0,16,6.821143012982954,0,0,1,1,0,21.718168601777325,66
156.06133240479136,14,8.660862226438919,0,1,1,30,7.025638357385083,0,1,0,1,0,28.05067820175421,41
163.4861082905093,83,5.4563187431257685,0,0,0,2,6.311478243000251,1,0,0,1,1,21.74084156011821,57
119.06498973296034,106,5.325279195939832,0,0,0,17,8.336205545953568,1,0,1,0,0,28.151605606910636,48
155.38037870809347,47,6.331670061935658,0,0,1,12,6.772227513751484,1,0,1,1,1,19.29934721575094,64
152.03730514561,22,8.422128693326343,1,1,0,35,6.065033169962021,1,1,1,1,0,24.62527975224654,48
109.9960395759282,40,4.1302828711197375,0,1,0,1,7.370916705209978,1,1,1,1,1,21.716435441977314,64
162.52255761218993,56,7.102145373031572,1,0,0,15,6.511989310737168,0,1,0,0,1,28.479742609792105,57
169.6274584228882,109,6.09158767596212,0,0,1,26,6.375988339309513,0,0,1,1,0,29.460667096356055,65
187.9067935111347,118,3.403254431524792,1,0,0,37,6.855920636990444,0,1,1,1,1,25.79598605516773,68
186.88307182122162,97,8.907669877196422,1,1,0,21,7.2690842524002965,1,1,1,0,0,25.664436575751537,60
101.78157212150181,61,8.176834194462353,1,0,1,31,6.095112195268203,1,1,1,1,1,27.816708489924544,51
117.1761236029707,65,6.926066511925829,1,1,1,25,8.30811914016986,1,0,0,1,1,29.48445951979647,41
168.0262343523031,24,8.655235561848176,1,0,1,23,7.7417277696526305,1,1,0,0,1,25.149244698648648,66
167.98250828192732,38,8.805647808638222,1,0,0,24,6.907709607381816,0,0,1,1,1,23.00129870020808,43
168.02666902071167,17,7.3752667904353135,0,0,0,38,6.477325210962402,0,0,1,1,0,27.589069945761953,33
284.8456021729153,14,8.533119955273047,1,0,0,28,7.128619637666668,1,1,0,1,1,17.565090515625315,64
169.98116787426085,38,7.277243155023553,0,0,1,21,7.9195480326045775,0,0,0,0,1,28.6386061582353,30
189.74479740632097,56,7.121266945842704,1,0,0,18,7.795667221759744,0,1,1,1,0,22.15925220223315,32
183.3900617222621,77,6.5675024039366585,1,1,0,36,8.046803440360943,1,0,1,1,0,24.039088534910203,44
172.79869379570295,85,7.774449756018771,0,0,1,35,6.815698007215743,1,1,0,0,0,28.664205292473245,21
138.9655764375879,54,2.427445947637663,1,1,1,9,5.0,1,1,0,0,0,23.337961934441235,33
176.56392271726435,11,8.927836832790355,0,0,1,38,8.198248958332998,1,1,0,1,0,27.58963551429921,47
122.95111749118499,36,8.846591749707088,0,0,1,30,7.066243085542118,1,0,0,1,0,29.555635016297657,61
141.71134876409968,104,1.2632255473110323,0,1,1,34,7.7329328523773295,1,1,0,1,1,25.440132360190024,47
133.0122758259814,45,8.432350755082865,0,0,0,32,8.535383003712242,0,0,0,1,0,26.245792623298847,53
152.86559487852128,45,2.1598288072610066,1,1,1,3,9.147526906590146,0,1,1,0,1,24.522256504225123,20
231.0130498335728,35,4.016069688332277,1,1,0,3,6.680142817487344,1,0,0,1,0,25.462391988254883,39
84.64571825928881,52,7.69157430662447,0,0,0,28,7.307167925732516,0,0,0,0,1,20.534380880199873,66
174.01910666310798,36,2.4468390644347737,1,1,1,15,8.293469168484357,1,1,0,0,1,23.8250476537677,39
93.55494450836218,78,8.36170321707156,1,1,1,23,6.524576785181604,1,1,0,1,1,19.847177572069924,67
133.48238469736984,29,8.489207601619677,0,0,1,11,6.734310724967658,1,1,1,1,0,21.404931101890405,67
188.11327089385782,20,5.567209603847526,1,1,0,32,6.7295691372329,1,1,1,0,0,16.98820391731135,66
152.2498006683412,83,1.0574728454515023,0,0,1,36,7.177527749273582,0,1,0,0,0,26.055712614019548,29
112.27893277247429,113,3.583343198574215,0,0,1,33,7.023901055768024,1,0,1,1,0,31.766408661509654,38
124.96437017590111,47,6.55234226538168,1,0,1,24,6.724963742194941,0,1,1,0,1,23.175577059437718,21
173.78592121271365,15,9.830675602246812,1,0,1,39,6.427394067514992,1,1,1,1,0,28.860534362289517,48
124.43716788990022,81,6.686321743150016,1,1,1,34,7.849552262716234,1,0,1,1,1,29.502771264067665,61
157.5760506353691,32,3.338232229577438,0,0,0,28,8.270264816772894,1,1,1,0,1,20.203451062606916,48
151.59501439663347,56,6.706051327896502,0,0,0,37,8.386171835337931,0,1,1,0,0,21.06482432923671,40
127.1939878337964,99,5.8598684174427,1,1,0,7,6.815141154092412,1,0,0,1,0,28.96319235340883,37
225.0380431263864,55,8.018608556360292,1,0,1,4,7.882979737805822,1,1,0,0,0,24.630634548032592,32
172.1871657811304,116,1.9628257494426258,1,0,1,37,7.38906072218222,1,1,0,1,1,19.83684453539763,40
79.12000946698375,21,7.849251122518252,1,1,1,1,6.74346292110934,0,1,0,1,0,22.45256165228557,45
156.52590101692996,99,5.871399208084992,0,1,0,1,7.787374574966557,0,0,0,1,1,26.67864097924826,33
126.83747373310642,22,9.666928034730951,1,1,1,20,6.7067159567636025,0,1,1,0,0,21.824253303580665,54
179.83516671786785,113,4.076849494348175,0,1,1,19,6.89905871777465,1,0,0,1,1,16.0,38
122.26177415485547,71,6.693597038205533,0,1,1,29,6.0986162379970965,0,1,0,1,0,23.711947291168656,32
145.98422454865855,91,9.388252949590157,1,1,0,10,6.828623122053419,1,0,1,1,0,24.036027224579215,34
167.67455476431599,98,1.9225875519161133,1,1,1,18,7.403088967211668,0,1,1,1,1,25.03690573657731,67
180.30143179595424,106,9.43505638512806,1,0,0,28,8.455147596541996,0,0,0,1,0,30.03553349315812,54
107.98962575304783,120,7.19097150070732,0,1,1,35,6.9172036430386505,1,0,1,1,0,25.214091191596182,30
138.2924567455668,113,1.610533531946547,1,1,0,31,6.369464682330453,0,0,1,1,0,25.971749417702828,36
133.37691410936654,69,3.708672102521346,1,1,0,27,8.3978951767473,1,0,1,1,0,29.222147894597676,47
127.13347685992008,52,7.373548797807534,0,0,0,11,6.796358050332626,1,0,1,1,0,25.041376063343048,62
211.7908984098384,85,1.6061554132189453,1,0,1,38,5.801294675087308,0,0,0,1,0,33.54608298116041,35
164.17435988363343,117,6.23953414158646,0,1,1,5,7.306474988109428,1,1,1,1,0,19.94516682408399,31
105.86906159827342,109,4.112947512576611,1,1,0,8,6.94018122137666,1,1,0,0,1,21.263409147568623,53
182.12516814691716,77,6.588239659907294,0,1,0,34,9.040316514148138,0,0,0,1,1,27.455833633083255,53
224.27546689544215,14,1.4116783043126158,1,0,1,12,7.58029282747777,0,0,1,1,0,30.017254131754555,37
186.13628411929014,46,8.843831255371386,1,0,1,38,7.0829261170761315,1,0,1,1,0,24.196820012525503,69
96.82205119160953,81,9.761400722596573,0,1,0,1,6.460402232595517,0,0,1,0,0,20.957515316842375,36
133.0518074496812,115,9.719900697571223,0,0,1,31,7.464133472954374,1,1,0,1,1,32.043958340901405,62
194.3418902215318,101,7.746866485686322,1,1,1,4,8.365367960049436,1,0,1,0,1,21.83052442078276,61
125.23156870334267,40,2.170776161175688,0,0,1,5,7.449451346781808,0,1,1,1,0,26.356217804531916,24
165.533679985118,18,7.824368763361203,0,0,1,30,6.5220562463056435,0,1,1,1,1,30.25660724539114,61
177.11219187002678,60,1.2212822481292136,0,1,0,24,7.631044969401564,0,0,1,0,0,23.233579106315915,21
117.5574334947671,38,1.1991119637609753,0,1,1,3,7.161114484101748,0,0,1,1,0,22.511488650973142,51
147.916612537837,87,3.912491972345871,1,1,1,11,7.55889048265453,1,1,0,0,0,22.785249031881342,19
70.0,49,5.397788713641992,1,1,0,4,6.9161541198526235,1,1,1,0,0,28.606205026299058,22
114.14643255329986,50,7.933666760270139,0,0,0,26,6.89736378059103,0,0,1,1,1,29.240590820810638,27
141.1601147012394,95,7.149658389458547,0,0,1,27,6.865776162054576,0,0,1,1,1,25.13490156704851,49
106.32758863123027,20,5.013124357390735,0,0,1,27,7.95379052119789,1,0,0,1,0,32.532329012278936,59
207.13439563760724,32,3.462639996534993,0,1,1,6,6.9054197798071275,1,1,1,1,1,25.12786623708051,58
99.94505177137785,10,9.9741205014194,1,0,1,15,6.8322154149006185,1,1,0,0,1,30.16933285667266,30
134.59844296560556,55,4.835631720123756,1,1,0,30,6.446347278750107,1,0,0,0,0,23.27199358299624,56
154.5759202050132,110,5.062483218967079,0,0,0,37,7.563211041373414,0,1,1,1,1,34.33502613482226,22
200.44456511731403,30,2.4726143907250226,0,1,0,37,7.449361441704975,1,1,1,0,0,31.280525662318844,27
99.74482470871962,99,8.153285938749365,0,1,1,37,6.840985420409096,1,0,1,0,0,24.48810145788594,27
190.71073132542358,119,7.243140032033398,1,0,1,35,6.632497033953712,0,0,0,1,0,30.73816083486801,55
150.35815713568556,45,2.9869265150988435,0,1,1,23,8.70093873058217,1,1,0,0,0,30.53592196468807,44
115.64719721332172,63,1.7414294105425843,1,1,1,6,5.69564555590013,1,1,0,0,1,31.212164305170596,68
166.17362159921447,96,7.124493718672418,0,0,0,4,7.5945376025613776,0,0,0,1,0,16.0,38
156.96708934507146,66,6.890600928530217,1,1,0,18,8.233122838572807,0,0,0,0,1,27.87740579716334,25
128.9924092994422,10,3.459335742983884,0,1,1,9,5.0,0,0,0,1,0,27.169195077222966,18
152.44307297465068,72,9.557772060253694,1,1,0,29,7.835312048060944,1,0,1,0,0,26.884293123773812,45
136.5140241098384,63,2.3595210260281023,0,0,1,13,7.02379631880313,1,0,1,1,1,25.87338573359159,66
153.97310708379368,64,4.891013209383417,0,0,1,17,7.404843891426608,0,1,0,0,0,25.991245118058107,56
173.17457360823664,49,9.49254328150839,0,1,0,32,6.941409628382329,0,1,1,0,1,30.132561221192322,31
205.51058856508732,24,4.7775458523351,1,0,1,22,8.060314756516862,1,1,1,1,1,27.15789349477349,38
106.67645754106027,30,6.74673352897677,0,1,1,4,7.490495473337086,0,1,0,1,0,25.86762577492945,47
224.65616811296934,56,4.578349581665148,1,1,0,5,7.305375911627452,0,0,0,1,0,29.557524059342477,38
81.67692701671244,82,3.4679368211380304,1,1,1,37,6.480911514433126,0,0,1,1,0,26.67210471364748,66
144.6875216737546,62,9.855798831638454,0,1,1,13,8.705833787067352,1,0,0,0,0,27.054273709413522,26
170.59110222696017,18,4.684006056835387,0,1,0,34,7.207944815786617,1,1,0,0,0,32.46814843524491,34
159.83471537072614,83,9.04689283311221,0,0,1,22,9.031844637968367,1,1,1,0,0,23.26207714980141,22
128.2055168062792,61,3.0695914530197754,1,1,0,23,8.742055508142556,1,1,0,1,1,18.93715864639503,48
142.71572123749536,66,2.9179423362257495,0,0,1,3,5.7773192261876956,1,0,1,0,1,25.28945404396319,69
132.74496728694086,35,1.2802067459606024,1,0,0,34,6.676043231357848,1,1,1,0,0,25.858173379827857,57
129.3722335069526,50,6.865001428382966,1,1,0,32,6.3704391952200465,0,0,1,1,1,27.886116117828763,55
179.73607339573587,44,4.316737093513851,0,1,0,21,7.16143513481035,1,0,1,1,1,25.429263658647844,60
162.49554200877665,72,8.779224248556734,0,0,1,21,7.34973121638893,1,0,1,0,0,28.020476975890237,36
125.7481641658771,34,5.258889160224014,0,0,0,11,7.383941174314744,0,0,0,1,0,35.01846672108628,53
181.48599564016376,99,9.713740851232496,0,0,0,39,8.043302940815183,1,0,0,0,1,28.206057275508037,67
160.75548323068134,84,2.6697296413280904,0,1,0,4,8.394866215447095,1,0,0,0,0,28.909261204205873,50
178.4501741593636,47,8.817608511600497,0,0,0,1,7.9739901993909115,0,1,0,1,1,24.481874369110262,30
172.0370094673264,11,7.989371675125676,1,1,0,28,6.751251828621003,0,0,1,0,0,19.45897164197079,31
120.98517461772747,16,7.938296601796468,1,1,1,24,6.5743809079140485,0,0,1,1,1,16.0,50
130.39366359310606,91,8.60304905305199,1,1,1,35,7.202209468707149,1,1,0,1,1,22.925277671457128,46
176.15527617931417,100,7.84921591848699,0,0,1,13,7.540895621123729,0,0,1,0,1,16.0,60
171.36295929017126,43,6.635982894682739,1,1,1,34,7.053446923426303,1,1,0,0,1,27.054196100077096,66
149.2684442112548,100,2.1812038991414884,1,1,1,11,6.1236121309982225,1,1,0,0,0,23.46873206230058,53
154.10645841580737,26,1.2927356154212672,1,1,1,36,7.745647606861441,1,1,0,1,0,19.746500534099027,61
194.71827135259485,52,9.287630630341182,1,1,1,17,6.886148185012877,1,0,1,0,1,25.523496479794503,27
129.29500139074594,68,6.549852830686643,1,1,0,35,6.861989812462365,0,0,1,1,1,22.045471225432784,48
169.14840834095133,117,8.168835618785586,0,0,1,18,7.156309860753526,0,1,1,1,0,26.803105014603073,23
142.92325716481372,60,5.33370116361295,0,1,0,22,7.008080866335871,1,0,1,0,0,27.830505319290015,18
142.3811578870473,63,2.0557737006615504,1,1,0,24,6.906799155590319,0,0,0,1,1,22.19266334804623,24
188.45718981955164,33,2.126672129822954,1,0,1,19,6.175899754453448,1,1,1,0,1,24.050875275638695,44
178.88957221458105,34,7.170087585060743,1,1,0,37,7.110202026438673,1,1,1,0,1,25.859583015352882,38
178.47283726002235,80,4.872753054095164,0,0,0,39,7.762363033525494,1,0,1,0,1,19.3718311458303,45
195.6917582504015,61,2.8047225403030307,0,1,0,21,7.411715204097032,0,1,0,0,1,25.859230091508064,33
150.73513445714656,79,5.424350920672932,1,0,0,8,7.9584971512805165,1,1,0,0,0,19.27592540768242,63
173.86835399532373,97,1.577880433676207,0,0,1,28,6.617163982143994,1,1,1,0,1,27.262867918211477,40
139.14066351922904,42,6.237742617229589,0,1,1,5,6.177553216705759,0,0,1,0,0,23.2593453494872,69
161.34582233709548,58,3.4209406399158793,1,1,1,17,7.003320016817603,0,0,1,1,0,19.253829063823062,37
145.44499309713103,38,8.178031905734693,0,1,1,37,6.708610705161043,0,0,1,0,0,22.680105603436704,55
153.39485877474513,72,3.793257630312164,0,0,1,36,6.791732013433802,0,1,0,1,1,22.84930167522623,42
170.83049589029199,116,5.09698134173621,1,0,1,19,7.369399774464902,1,0,1,1,0,29.274083533547778,45
121.36227608682846,31,1.1045848591729057,0,0,1,27,6.797535568716276,0,1,1,1,0,25.693218797143178,22
223.23355464899112,35,1.65202199015103,0,1,1,34,6.199945208634885,1,0,1,0,0,21.17489016973947,38
114.78939164751043,37,4.532442007660164,1,0,1,11,6.752804217694401,0,0,0,1,0,31.596265148801947,35
107.50339855242937,94,5.319449512454112,0,0,1,12,7.472047493488642,0,1,0,1,1,27.505961606042234,64
190.53388057250237,58,6.400184933073733,0,1,0,21,7.737184480805534,0,0,1,0,1,23.654710525681352,23
177.70819428870277,80,3.624963208383729,1,0,1,11,7.729138227266677,0,1,1,0,0,18.78466325721991,46
171.84419359682542,90,7.254836975138883,1,0,0,39,7.5395784753983275,0,0,1,1,0,23.301625682079226,36
171.9920928242498,93,8.741101574702842,1,1,0,28,7.065525227227805,0,0,1,0,1,24.117947661369318,50
149.57136295035798,114,8.018658900040148,0,0,0,5,7.523931279167304,1,1,1,0,1,26.476129325801022,18
118.5960969979959,58,1.3565694281352143,1,1,0,17,7.1661314734414105,0,1,0,0,1,27.42902603863862,62
152.65315953678044,29,5.32456252532046,0,1,1,20,7.29047691025619,0,1,0,0,0,28.22632838164294,20
126.29934009707608,95,1.9443716057635738,1,1,0,12,6.448538609707248,0,0,0,1,1,18.55413027664581,59
184.1291906696213,101,3.178405142762747,0,1,1,6,7.235099971008572,0,0,1,0,0,25.834019284652967,38
144.85299164742514,72,9.879963339404318,1,1,1,17,7.502932987401129,1,0,0,0,0,24.361536699007154,52
121.1075981122621,70,2.282459886113619,1,0,0,19,7.472901850751767,0,1,0,0,1,35.71190910467951,58
138.75149554214522,113,5.489993381062204,1,0,1,26,6.1699847791525615,0,1,0,1,0,25.258777756385484,57
164.45260089964685,58,6.563401608863072,1,1,0,32,7.2770086211227065,0,1,1,1,1,22.509387206154514,20
130.2696406518609,80,7.322184734896935,0,1,0,6,6.044888338028869,0,0,1,0,0,25.44147542686766,42
121.2222861551749,10,6.036838151382227,1,0,1,36,7.338941316910821,1,0,0,0,1,24.965726847956937,62
158.52905240221693,105,1.087937626772653,1,1,1,38,6.638930246717829,0,1,1,1,0,17.043842771395937,55
158.5738299888053,22,3.938151774195927,0,1,0,11,8.564514354020357,1,0,0,0,0,26.633217853671347,62
132.25698886201047,103,5.6594047904624025,1,1,1,33,7.295394663436713,0,1,0,0,1,23.757767637285674,37
133.5136593033587,96,1.7907984923035003,0,0,1,24,7.840931215859138,1,0,0,1,1,24.893235139357927,69
158.12174780751727,60,4.155642380882627,1,0,1,23,8.888698109619424,1,0,0,0,1,21.505725864437768,61
99.31704804759366,65,1.298827979122299,1,1,0,15,6.546078551129023,0,1,1,0,1,20.624343079151057,62
100.73876789682058,92,1.7072064743951867,1,1,0,27,7.548539928724729,0,0,1,1,0,28.51552933630258,51
124.85445225616473,71,4.5723094858143645,0,0,1,11,6.251271192613723,1,0,1,1,1,29.433826625771296,38
142.52934969008535,41,2.194441786387543,1,0,1,17,7.4759176065999355,1,1,1,0,1,26.67239442174894,65
160.88176479593017,39,6.107867634354023,1,1,1,14,8.612567413160322,0,1,0,1,0,17.75680959776146,40
201.6374675932343,38,7.2051847222353915,1,1,1,27,6.697693428446569,1,0,1,0,1,26.932253437045294,23
180.0180868120707,58,8.205280291981746,0,0,1,18,6.491236549364324,1,1,0,0,1,17.816253794653257,68
144.40215145128005,54,2.8013521982032907,0,0,0,28,7.12706061318515,1,0,1,0,0,22.355297460686938,30
149.33443272340588,102,2.507343240331628,1,0,1,4,8.83665383047063,0,1,1,1,1,28.46223379502897,66
114.91147223767669,39,1.9411105630096022,0,1,0,7,7.816831135962604,1,0,1,1,1,27.630393926817966,40
149.35204024026635,25,6.72787224589273,1,0,1,35,6.476068278355192,1,0,0,0,1,26.82786945813388,26
139.89694763779517,49,7.35828153838211,1,1,0,9,8.364048465985416,1,1,0,0,1,30.251610615679134,34
161.29514961183312,28,1.2842753034307783,1,0,1,8,5.87594960613345,0,0,0,1,1,27.240060589631707,19
121.0469169756687,27,9.42591021619321,1,0,0,17,8.90924730304218,0,0,0,1,1,16.923923099836472,36
168.17712799844102,10,1.4677415528632518,1,0,1,17,7.885160544012128,1,1,1,1,0,23.52187661497456,36
203.64586195509023,87,5.871667017709634,1,0,0,33,8.610845952005375,0,1,0,0,1,24.833566169075755,24
146.19339480400998,56,7.381544675058247,1,1,0,32,5.881761513292772,1,0,0,1,0,24.365033092922513,59
164.05991027346295,75,8.83872211371477,0,1,0,8,7.33555346468775,0,1,1,1,0,22.53145929959044,59
174.15503970988894,101,7.4267823891918505,0,0,0,19,7.092888858747427,0,1,1,0,0,20.87937546614562,37
135.95728348399572,103,8.215552747628127,0,1,0,38,6.3944164212426875,1,0,0,0,0,34.60297987783727,26
157.84323686336458,47,4.0550517328852544,0,0,0,3,6.163181103798887,0,0,1,0,1,23.445020699176872,34
150.44073402736282,60,8.33342602371861,0,0,1,5,7.605665007007639,0,1,0,1,1,34.40640821349781,44
153.4186634492091,72,1.7210336174620764,0,0,0,13,7.678185366490899,0,1,1,0,1,20.434838380975783,64
122.94465756505868,13,9.05334990454475,0,0,1,31,8.239979237380602,1,1,0,0,0,27.62824027503603,19
150.85785609906299,10,5.928331385383626,1,1,1,16,6.797263157338535,0,0,0,0,1,25.918565665559477,53
167.42994019359074,17,8.355679929662443,1,0,1,32,7.086712151875352,0,0,0,0,1,21.312201891739758,36
200.79002627282645,38,5.070864560664702,1,0,1,22,6.094032060043126,1,0,0,1,1,23.129771560717266,34
183.57447891298224,64,6.792199256768725,1,1,1,29,8.432628649595799,0,0,0,0,0,24.93947972255612,22
225.36138601290446,112,5.737623948425019,0,0,0,22,7.2556384702057946,0,0,1,1,0,21.623533531335497,56
123.14283529891827,12,7.584305695797987,0,0,0,3,7.778070801296085,0,0,0,1,1,23.975437623858294,35
180.53122228522375,41,1.7346698382753063,1,0,0,10,7.8063243168888095,0,0,0,1,0,16.0,24
156.41697020084231,19,1.5431687559150742,1,1,1,21,8.367285725841583,0,1,0,0,0,27.846063961074957,34
226.64310266261853,83,3.223929106091318,0,0,0,16,6.534880426186037,1,1,0,1,1,29.90860669649117,56
121.7095600125697,92,2.435902121018695,1,1,0,12,7.758069280277743,1,0,0,0,0,26.817454829994638,53
120.60973552367284,119,8.846052099329814,1,0,0,2,7.179993034952767,0,0,1,0,0,34.05703251175112,57
129.02125740945922,43,2.9729258862223986,1,0,0,24,8.884541653072505,0,0,1,0,1,27.728384910399573,62
75.66364964915675,106,9.782787302372181,1,1,0,35,6.532508656803187,0,1,0,1,0,29.571238555110238,21
131.59857424117337,96,4.032062125939961,0,0,1,30,8.137141078211098,1,0,1,0,0,29.953451330040444,55
123.43035684562057,64,2.6390612411982937,1,0,0,30,7.480273423382718,1,1,0,0,0,16.0,42
155.26378252666726,101,8.107286564282312,1,1,1,35,7.438284875364817,0,1,1,0,0,26.694692794998254,22
161.96145915220058,41,6.928369979507885,0,1,1,19,7.243216580837992,0,1,1,1,0,19.468260198732874,47
215.66597937255602,59,5.483761448078251,0,1,1,8,8.27733265826943,1,1,0,1,0,20.276386193716778,29
183.26483433651177,16,5.998271958438681,1,1,1,26,7.411081360859148,0,1,1,1,0,20.97210691279234,21
129.8083720518159,102,7.472816004450374,0,1,1,7,5.980467729503219,1,0,1,0,0,23.749136799930493,41
118.55548650280747,17,3.0560926719816885,1,0,0,30,8.175602854969796,1,0,0,1,1,27.60183984295079,46
167.2171710027277,74,9.967005244510677,1,1,0,7,8.028961465705377,0,1,0,0,1,26.735959300026817,26
103.79183775427752,66,9.773138459321048,0,0,0,3,7.669710147370278,1,0,1,0,1,24.94967446872961,21
214.10105680490238,76,6.852931177122432,1,0,1,1,6.297221096201962,0,1,1,1,1,27.890733764823842,68
191.28040422524504,97,2.7958820583623063,1,0,0,36,6.421507711822944,0,1,1,0,0,28.133945286368412,41
133.57885217633532,96,7.122054181881622,1,1,0,25,5.698045691811113,0,0,0,1,1,26.770496756933383,31
90.04029148181928,68,1.6497856808125826,1,1,1,37,7.568263898543851,0,0,1,0,1,18.101980855700855,22
197.38553309578944,81,1.2758725198522547,0,0,1,1,6.120360921460504,0,0,1,1,0,22.042668842573104,35
145.99110541615838,63,3.3191459966009234,0,1,1,15,5.824999285710268,0,0,1,0,0,25.105311335770594,59
193.32357091907116,120,5.163606610653847,1,1,1,37,8.219991295440035,1,0,0,0,0,27.933811532564338,36
94.19503194219715,110,8.814452548675424,0,1,0,13,7.814543651570277,1,1,0,0,0,19.685681369104053,29
129.02187419661794,76,7.544521627896772,1,1,1,8,6.933462668135259,1,0,0,0,0,24.95461924089888,35
150.1835294901364,60,7.684358690799829,1,0,1,5,7.092762733394244,1,0,0,0,1,18.73750217444219,34
151.64432078176597,106,4.829440010032679,1,0,0,9,5.274124634412846,0,0,1,1,0,29.103671942877114,47
134.24770849822647,101,4.113414932922666,1,1,0,1,7.933395935247376,1,1,0,0,1,25.9693891134589,41
171.79974763216245,120,4.339348866861425,1,0,1,36,6.645814828409053,1,0,1,1,1,19.61545585617623,28
112.6332849716092,17,9.88884607362452,0,1,0,35,7.464232690506512,1,1,1,1,0,19.589085848782826,52
145.01671802425471,43,1.3609827227123423,1,1,1,2,5.209150190566813,0,0,1,1,1,26.54972748633704,40
154.21034710991646,44,8.803283465102037,0,0,1,23,7.9820544257292365,1,0,1,0,1,30.49919565825266,34
168.0053591920562,105,6.208078677151541,0,0,0,9,6.597724184491421,0,1,0,0,0,20.612856650202612,18
174.90652073311114,97,4.947538772706315,1,0,0,34,6.099166188968517,1,0,0,0,1,28.146416434464307,32
110.63752678567457,87,7.527318943736229,1,1,1,14,6.928318692409307,0,0,0,1,1,22.831049127888683,49
96.30600402425321,41,5.380020472822325,1,0,1,4,6.722883825651612,0,1,0,0,1,28.292776410771545,26
194.71868876644783,55,8.860809142734945,1,1,1,30,8.059414090327893,1,0,0,0,0,27.73276364146125,32
161.6309904192857,116,9.106316776101327,1,0,0,31,6.863683902110698,0,1,1,1,0,25.62119936592976,45
123.80297122052062,25,4.795488341861098,0,0,1,38,8.290093621290694,0,1,0,1,0,17.662434774877667,41
204.2903191432883,77,3.4914501751154643,1,1,1,11,7.464114092631259,1,1,0,1,1,27.72474260049645,52
154.04861220025006,46,6.33115295734026,1,1,1,35,7.9154943097699,1,1,0,1,0,27.00807708398746,39
191.27540144223394,63,9.211270110550219,0,1,1,8,7.198266837417691,1,1,0,1,1,26.641719012778008,44
152.36314684935383,94,2.895959701050999,0,1,1,3,8.217647185871908,0,0,1,1,0,25.782696252923913,36
222.12617737086956,23,6.606699252071345,1,1,0,14,6.277100807773859,0,0,1,0,1,21.484852446671567,62
211.43692948551217,104,6.684041980832685,0,1,1,13,7.290899565995462,0,0,1,1,0,29.331851084076447,29
141.28625480323242,64,7.5980172017375285,1,1,1,32,6.882851336454868,1,1,1,0,0,28.592558883266545,37
184.00498328340245,57,2.1841091661453382,0,1,1,34,8.31730278360585,0,1,1,0,1,20.69830889262134,18
172.58815823548017,91,7.442424682138797,0,0,1,19,8.399227523727541,0,1,0,0,0,30.257180042071006,38
197.9021045136322,16,9.181292685990769,1,1,0,38,7.200337007389695,0,1,1,1,1,25.52667773854155,66
116.22767887969634,83,2.6171479798321777,0,1,0,16,6.166791119123356,0,0,1,0,0,25.51654781258069,62
174.0118010999454,16,3.1378899243148988,0,0,0,2,7.541677853433335,0,0,1,1,0,24.294578654325267,18
187.04485703973558,42,9.742555846374756,0,1,1,17,5.868312211972987,0,1,0,1,1,24.688026413659777,27
88.444117975191,32,2.628792574385408,0,0,1,34,8.50091423902649,0,1,0,0,1,30.48359675323908,64
108.58595205669786,94,8.689465840326212,0,0,0,16,6.821463943491169,1,0,1,1,1,29.132299938394063,49
78.62687377839649,28,5.430500708032313,0,1,0,38,7.175543869266004,1,1,0,0,0,29.04738833455766,56
140.57076079444047,28,3.2250796696285935,1,0,0,2,6.655239139354597,1,1,0,0,1,25.73825741018151,39
175.11397895285867,45,8.836749111452603,1,1,1,2,6.478574730639344,0,1,1,1,0,28.556686894137584,35
202.582496823361,38,5.007747295023989,0,0,1,26,7.789833053237642,0,0,0,0,1,21.662747703837713,65
152.59331731469214,69,5.633356185367211,1,0,0,13,7.073106658358943,1,0,0,0,1,27.333771913992265,63
207.0015440949952,91,4.233100324597891,1,0,0,31,7.23398603113854,0,1,0,0,1,24.38604787212413,49
101.6964489624788,11,6.3365576629143465,1,1,0,34,6.396887136624929,1,0,1,1,1,16.760780050366712,44
90.38161462256959,10,2.4717148532652047,0,1,1,39,7.884847378797632,0,1,1,0,1,18.655593364712146,45
148.05583053861835,56,4.519733829865846,1,0,1,3,7.966231788109494,0,1,1,1,1,22.34808487964312,35
163.44229071287575,78,9.724710901017588,0,0,1,8,7.0328572104963385,1,0,0,1,0,26.66061593739484,56
148.85568381670674,29,3.3232008943101476,1,1,0,23,8.21433770666551,1,1,1,0,1,22.351680846664124,66
77.63952649860431,20,6.910629980871629,0,1,0,14,7.116700676620382,1,1,0,0,0,22.635533050461163,46
146.8807986170524,115,3.926710578022254,0,0,1,27,7.823804397031057,1,0,0,1,1,28.05304368749937,35
104.34356748233014,11,7.961258131179406,1,0,0,29,5.901657935335922,1,1,0,1,1,22.77995152220125,61
173.43853920905136,76,2.177862946465148,1,1,1,39,7.48274469318913,0,1,1,0,1,30.323228968137645,25
162.8309386133897,96,9.728389405706903,0,1,0,39,6.982814825914453,0,1,1,0,0,29.660494959280538,48
117.10420747854258,21,5.084105872452753,1,1,0,1,7.324417940763997,0,0,1,1,0,25.087525282285274,51
132.0146578932157,29,3.1244541701181756,1,1,0,17,7.288545924524661,1,1,1,1,1,28.013845806633313,24
112.9275267338867,14,1.6614707259701138,1,1,0,30,7.300559857741588,1,0,0,1,0,27.468961817425527,53
147.806231595439,46,2.5278211457878665,0,0,1,13,7.692560583490042,1,1,1,1,1,24.017338896162386,35
183.42998121754334,47,5.677965537004159,0,1,0,21,6.747861094715217,1,1,0,1,1,28.446538651888584,55
115.49958837825596,103,4.033028587881576,1,0,1,19,7.655263407628515,1,1,1,0,0,29.035608221562107,26
167.64162804312457,18,8.459950292943486,1,1,1,19,8.186019906494325,1,1,1,1,0,21.190259076838398,26
131.44098335696458,107,4.877987712956253,1,0,1,25,6.071887196015742,0,0,1,1,0,25.614194553282964,63
122.24945087081795,62,3.238428453288669,0,1,0,22,6.57556792141654,0,0,0,0,0,25.570015290304664,25
146.25393740159046,53,6.554304879436271,0,1,1,31,6.609171659599051,0,1,0,0,1,28.398477869802818,68
113.76651871532191,108,7.360994951969012,1,0,1,17,6.326363360439233,0,1,0,1,0,23.224566598202653,52
130.62227431284862,95,2.5033771711085486,1,0,1,23,6.820241784290353,0,1,0,1,0,22.608958668894285,35
108.07427375939031,117,2.508572946594859,1,1,0,32,8.026494812319873,1,1,0,0,1,25.675998641244615,22
218.76537965207362,33,1.3300428424018866,1,1,0,10,8.358069539609943,1,1,1,1,0,29.72543689301429,31
151.2342243190105,90,7.627618135590764,1,1,1,10,7.284939975797202,1,1,0,1,0,20.202491538360263,45
125.50960722025951,83,6.974240748596245,1,1,0,36,6.94061119132144,1,1,0,0,0,20.90077538665149,47
157.48929687569776,39,5.2716778817483245,0,1,1,8,7.842339175264528,1,1,0,1,0,22.917980368117647,21
146.06851826082095,68,8.597534040722774,1,0,1,20,5.308825204598256,1,0,0,0,1,23.62969171167379,56
142.2660640163372,119,8.251031376550479,0,0,0,32,6.355857222317473,0,0,1,0,1,17.93766879024994,37
171.49583450151988,96,6.26818927957077,1,1,1,14,5.342695674640067,1,0,0,0,0,30.99278114766059,42
176.5127698516557,105,8.814441524619328,1,0,0,28,6.347440226115647,1,1,1,0,0,24.478773634603552,45
131.43245983363153,90,2.8525708903309144,0,0,0,24,6.5863859784784005,1,1,1,1,1,23.879581903280116,29
129.8463615774362,90,2.007276574579551,0,0,1,15,8.382145502350143,1,1,1,0,0,31.49055015214167,19
140.37319059969246,23,3.4277465036529065,0,1,0,22,5.0,0,0,0,1,0,27.87117398049525,60
70.0,18,1.5137817048038338,0,0,0,30,6.866637919812533,0,1,1,1,0,22.858312490666606,31
96.96831282305067,49,5.780525752009288,1,1,1,4,7.695653177742486,1,0,0,1,0,25.65843138123262,39
197.84059936055837,75,9.429451230654653,0,0,1,13,7.528584530615275,0,1,0,1,0,24.833051470494084,48
207.5738699725449,118,1.3540918660165868,1,1,0,23,8.369390506827916,0,0,0,1,0,30.793403427717106,40
141.28373861552677,34,2.098989226090241,0,0,0,8,7.328841182877271,1,0,0,0,0,24.330303193265628,65
170.17949370695183,112,5.069791254550918,1,1,1,18,7.499422544384916,1,0,0,0,0,19.23176183256716,37
160.89375540902375,82,9.404875157751144,1,1,0,12,5.72919453455796,1,1,1,0,0,17.49110357277882,55
257.7608282959333,31,3.8454049447907543,1,0,0,31,6.4093849134585525,1,0,1,0,1,30.900645389626753,21
189.1851219002102,116,5.565113278195532,1,1,0,14,5.773836205241581,1,1,0,1,1,21.845541208949477,32
145.52288429817318,119,1.3741557314535289,1,1,0,34,7.65808648633128,0,1,1,0,1,27.680846622533238,41
116.5560845789851,13,2.3350888086587998,1,1,0,18,7.4789523614057964,1,1,0,1,0,25.287053722860207,42
93.77437879098497,35,9.879671106629623,0,1,0,34,7.450830373826813,1,1,1,1,0,23.33338084848697,18
157.1212272553528,67,9.68606826792441,1,1,0,11,6.494853113233541,1,1,1,0,1,23.960610331987496,24
123.52772391504938,38,1.0444598284096864,0,1,1,12,6.421640176546668,0,0,1,0,0,31.33351152611813,48
100.22112016408141,118,9.566306068809151,0,1,1,15,7.367557545837134,1,1,1,0,1,19.2077462854275,29
127.36994905151157,107,6.752079440339504,1,1,1,31,6.664491157783092,1,1,1,0,0,23.4541790769763,59
112.14581987349618,96,8.811264650680199,0,0,1,29,6.383676348934211,1,1,0,1,1,28.626263042734806,22
209.04995722753978,46,5.092658700704732,1,0,1,26,6.793288502993546,0,1,0,1,1,19.867419966214975,61
180.85739149323078,84,5.640364257213252,0,1,0,18,6.671406371171754,1,1,1,0,1,30.26913123111034,67
149.7209575539184,79,5.399619222312282,1,1,0,32,6.506621620297238,1,0,0,1,0,28.568998863014503,59
201.7980448611509,27,7.001778317914939,0,0,0,22,6.219385746593918,1,0,1,1,1,26.087182740529347,55
152.70789076766664,94,2.256861292806816,1,0,0,38,7.558951814671126,0,1,0,1,0,22.98737238290293,29
119.85505295351078,51,1.2697623088541015,1,0,1,17,8.444839551581646,1,0,1,0,0,19.353735379264172,56
203.309342704438,109,3.7713694743207182,1,1,0,23,7.168796639505077,1,0,1,1,0,27.828183576536283,35
168.86185152896306,50,7.342126864629821,1,0,0,24,7.3779473095759425,1,1,1,0,0,35.99457973793555,19
113.69638459857403,47,2.816681069106535,0,1,1,8,7.629102282081363,0,0,0,0,0,25.583570143667433,27
143.3381462670737,43,7.060891899924256,1,1,0,6,7.493252605754498,1,1,0,1,0,17.695818357072397,32
119.3533611315335,26,9.729208414965434,0,0,0,5,6.522470137346417,1,0,1,1,0,26.83006596050699,47
101.60200941624824,46,1.8451064421047656,0,1,1,29,8.575876968882069,1,0,1,0,1,28.441051885604782,61
