,y,stratify,probas_lr_two,probas_lr_two_fold,probas_xgb_two,probas_xgb_two_fold
0,1,5,0.1906961513355952,9,0.18193404376506805,9
1,1,1,0.5775591204933697,8,0.49582913517951965,8
2,0,18,0.5789839612808394,6,0.581878662109375,6
3,0,12,0.15646115724969167,0,0.2781432867050171,0
4,0,13,0.5628072797420992,7,0.66316819190979,7
5,1,9,0.598937686121777,3,0.6885656118392944,3
6,0,2,0.3890533005576215,6,0.36690226197242737,6
7,0,5,0.3706163804983932,5,0.24891769886016846,5
8,1,13,0.8412477585338899,6,0.8875396251678467,6
9,0,16,0.23152341591618866,4,0.30049699544906616,4
10,1,16,0.6134075878507623,4,0.7546957731246948,4
11,1,3,0.41326028312709706,3,0.5704410672187805,3
12,0,4,0.23055879739337318,1,0.4454040825366974,1
13,1,11,0.9274657509485003,4,0.8541454076766968,4
14,1,14,0.9072066136319951,6,0.8283397555351257,6
15,0,3,0.33420350550612793,2,0.519325852394104,2
16,1,16,0.8910273641803907,6,0.8791068196296692,6
17,1,15,0.5232657384656012,6,0.37448152899742126,6
18,1,10,0.7812437955712576,5,0.8526577353477478,5
19,1,9,0.8588996094239969,1,0.5487850308418274,1
20,0,11,0.29379253083661183,1,0.470959335565567,1
21,1,16,0.7941642153359892,5,0.8690417408943176,5
22,0,10,0.26826203966284456,3,0.24607597291469574,3
23,1,17,0.8300342835896106,0,0.8349508047103882,0
24,0,19,0.36053658264222954,2,0.519325852394104,2
25,0,2,0.18378428633364463,4,0.14835229516029358,4
26,1,2,0.6885263873898823,2,0.5252861976623535,2
27,0,6,0.29987654164155675,0,0.3315369784832001,0
28,1,19,0.8570279781425377,1,0.5487850308418274,1
29,0,8,0.45623578463917586,4,0.6442500352859497,4
30,0,3,0.4785318439074501,2,0.5252861976623535,2
31,0,14,0.2797933370415387,7,0.4712046682834625,7
32,1,16,0.1960420379710597,3,0.2034984976053238,3
33,0,1,0.8136608747933335,4,0.8422386050224304,4
34,1,3,0.4526312020131622,4,0.39545634388923645,4
35,1,18,0.9070173181722712,0,0.8866328597068787,0
36,1,9,0.5449476541053953,8,0.36883676052093506,8
37,1,6,0.6925493615241162,6,0.5455468893051147,6
38,1,1,0.9124723930208092,2,0.620030403137207,2
39,0,10,0.1636407651878834,9,0.18707910180091858,9
40,1,6,0.5002312635207194,1,0.470959335565567,1
41,0,12,0.752280761953678,2,0.49782291054725647,2
42,1,4,0.5008279569734325,7,0.5241045355796814,7
43,1,13,0.6438096546158487,2,0.5958887934684753,2
44,1,17,0.880918104041617,3,0.8036462068557739,3
45,1,8,0.7569260097104483,9,0.7471550107002258,9
46,1,20,0.7817164033126142,3,0.8453679084777832,3
47,0,3,0.29864963068707584,1,0.470959335565567,1
48,0,12,0.16641732482019664,0,0.19155415892601013,0
49,1,7,0.8050581723652085,2,0.5252861976623535,2
50,0,12,0.38802598653801335,7,0.47530049085617065,7
51,1,2,0.5410634097353946,4,0.7335689067840576,4
52,0,14,0.6152853495782645,4,0.7335689067840576,4
53,0,5,0.1184921547364597,4,0.14835229516029358,4
54,1,9,0.3119979592138024,4,0.26592037081718445,4
55,0,11,0.1094276011375692,3,0.15933257341384888,3
56,1,5,0.7659203494545036,7,0.6751968264579773,7
57,1,3,0.3547910462087495,4,0.47091543674468994,4
58,0,17,0.5907656181672248,4,0.5577297210693359,4
59,1,2,0.4728432245137173,0,0.4089452028274536,0
60,0,1,0.4037423209586483,5,0.3385373651981354,5
61,0,7,0.26697574621803294,3,0.29555758833885193,3
62,1,14,0.725554251054511,6,0.79734867811203,6
63,1,5,0.5046096354476419,2,0.519325852394104,2
64,0,19,0.48024095634407454,6,0.4964665174484253,6
65,0,11,0.04713777875772892,3,0.09985621273517609,3
66,0,2,0.5726562346514399,9,0.5278319716453552,9
67,0,8,0.16904485346944156,4,0.1822289079427719,4
68,0,9,0.29101861294875986,4,0.30049699544906616,4
69,0,3,0.39287539460062854,5,0.4296560287475586,5
70,1,2,0.676132545492942,7,0.5178635120391846,7
71,1,7,0.22236437770920678,0,0.27915671467781067,0
72,1,5,0.8193648827629675,3,0.6552839279174805,3
73,0,5,0.04946151675494805,7,0.25238192081451416,7
74,1,20,0.8950524091917711,1,0.5053703784942627,1
75,0,13,0.0990222509312634,0,0.10330457240343094,0
76,0,20,0.44011111126709557,4,0.3501664102077484,4
77,0,6,0.29519303269386293,8,0.37836697697639465,8
78,0,20,0.19473254393637046,1,0.4454040825366974,1
79,1,18,0.8125152287997063,8,0.6132481694221497,8
80,0,2,0.26463481731830635,3,0.3863869607448578,3
81,0,6,0.33111552502262276,4,0.3501664102077484,4
82,0,9,0.05262959792006532,7,0.25238192081451416,7
83,0,3,0.3735328062436269,4,0.47091543674468994,4
84,1,1,0.6289837583285923,9,0.6631768941879272,9
85,1,1,0.31493092296656555,1,0.5053703784942627,1
86,1,19,0.39411127664580026,8,0.32886192202568054,8
87,1,5,0.4578055699397008,0,0.4098840355873108,0
88,1,13,0.679701363797898,8,0.7354558110237122,8
89,0,19,0.6342005566949214,6,0.581878662109375,6
90,0,12,0.5636287845522898,1,0.48875758051872253,1
91,0,16,0.09385599044492106,9,0.11730381846427917,9
92,0,19,0.3962466693352551,5,0.4296560287475586,5
93,1,3,0.695790198038642,7,0.6653843522071838,7
94,1,12,0.3360533174355666,6,0.39955273270606995,6
95,1,5,0.7046050950219108,8,0.5748287439346313,8
96,0,2,0.30855284535256156,0,0.3418894112110138,0
97,0,7,0.28679718413669597,9,0.27089035511016846,9
98,1,13,0.7225615733811798,7,0.5459903478622437,7
99,1,15,0.7713543568900216,8,0.849111795425415,8
100,1,3,0.8439413371378834,3,0.7633299827575684,3
101,1,20,0.684697199193607,8,0.5880297422409058,8
102,1,5,0.6362168553413878,4,0.7810986638069153,4
103,1,8,0.7247626917372134,6,0.7555446028709412,6
104,1,1,0.8149454935687986,7,0.5879448056221008,7
105,0,8,0.3474432585838806,0,0.42818546295166016,0
106,0,18,0.1442410560684031,1,0.470959335565567,1
107,0,20,0.5887325456434238,2,0.4837002158164978,2
108,0,16,0.1793467903438198,1,0.4454040825366974,1
109,0,18,0.3854126274161824,7,0.38288024067878723,7
110,1,20,0.9345080965604655,6,0.8334965705871582,6
111,0,12,0.7447052276789677,8,0.7358182668685913,8
112,0,13,0.33861201912295474,6,0.29648008942604065,6
113,0,13,0.012349922910796646,1,0.42786332964897156,1
114,0,10,0.4617590584060758,2,0.481020450592041,2
115,1,7,0.47012403939361785,4,0.4111934006214142,4
116,1,14,0.2997169052920903,2,0.40745821595191956,2
117,0,16,0.8050354418597664,0,0.809121310710907,0
118,0,15,0.24122524121080893,5,0.25664594769477844,5
119,0,12,0.5342506951024503,2,0.49782291054725647,2
120,0,9,0.3722038033102824,0,0.2683097720146179,0
121,0,8,0.4844322445004334,2,0.519325852394104,2
122,0,18,0.4155208246748164,5,0.4697045683860779,5
123,1,18,0.9592845979041635,3,0.906398355960846,3
124,0,13,0.14875197774315002,4,0.14835229516029358,4
125,0,18,0.07098780290072908,2,0.4837002158164978,2
126,0,15,0.6405339267565283,3,0.6892293691635132,3
127,1,4,0.5106990270578976,6,0.6171546578407288,6
128,0,17,0.6648451543572599,5,0.6384903788566589,5
129,1,5,0.525754700980195,5,0.5787357687950134,5
130,1,16,0.6208707442156229,5,0.5493243932723999,5
131,0,9,0.649017679870478,7,0.5287737250328064,7
132,1,10,0.8791937633724413,2,0.6132811307907104,2
133,0,18,0.2135465377680933,4,0.25682908296585083,4
134,1,17,0.7804971285552442,9,0.7880184650421143,9
135,1,18,0.027899046322663122,3,0.0913957878947258,3
136,1,7,0.8474968847551201,8,0.9390795826911926,8
137,1,4,0.8423895990983321,8,0.9016653895378113,8
138,1,5,0.18522045328299475,3,0.23819230496883392,3
139,1,16,0.9043783033644763,8,0.9426948428153992,8
140,0,3,0.22646121960358337,0,0.19618190824985504,0
141,0,18,0.11446156974532698,9,0.2017277032136917,9
142,1,14,0.9056548336902973,8,0.7730205059051514,8
143,1,15,0.3379948800935155,5,0.23645424842834473,5
144,0,17,0.7291457286735067,9,0.6009703278541565,9
145,0,1,0.12321847467630151,0,0.10344608128070831,0
146,0,17,0.6883552543281538,4,0.782720685005188,4
147,1,11,0.7791496214136789,7,0.7060530185699463,7
148,0,17,0.2485549664047494,5,0.19662226736545563,5
149,1,14,0.6475178633160565,1,0.48125845193862915,1
150,0,20,0.2356419318684503,2,0.3952930271625519,2
151,1,19,0.43932043278803157,9,0.41243302822113037,9
152,1,7,0.42946391674998097,5,0.4296560287475586,5
153,1,13,0.7010598658867003,5,0.7272268533706665,5
154,0,18,0.23605586569979312,2,0.3952930271625519,2
155,0,14,0.46269671788383865,1,0.5053703784942627,1
156,1,1,0.21654331238813,1,0.470959335565567,1
157,0,7,0.7206776122607,3,0.5586259961128235,3
158,1,8,0.8340523109766838,8,0.7801694273948669,8
159,0,18,0.4689129589621827,7,0.42389005422592163,7
160,1,9,0.7271515653329853,6,0.7651508450508118,6
161,1,1,0.5699801064384707,0,0.4205123484134674,0
162,1,17,0.46430117072153343,0,0.4089452028274536,0
163,1,19,0.693130303253941,4,0.8215251564979553,4
164,0,6,0.16922699498141797,6,0.24204173684120178,6
165,0,3,0.36628522319883644,7,0.4722106456756592,7
166,0,5,0.3553841370543968,5,0.24891769886016846,5
167,0,2,0.024093082238733594,2,0.3895971477031708,2
168,1,20,0.6319399766434403,7,0.6310317516326904,7
169,0,4,0.4057767249377441,0,0.542299747467041,0
170,1,10,0.7115504213148021,1,0.537630021572113,1
171,1,10,0.8050017489106865,9,0.7677003741264343,9
172,1,11,0.4317429703777885,5,0.3680708706378937,5
173,1,16,0.43502451030844197,1,0.48125845193862915,1
174,0,17,0.17655223801367242,3,0.1506473273038864,3
175,1,16,0.6263743975313251,5,0.4697045683860779,5
176,0,7,0.3155234060672272,9,0.2828375995159149,9
177,0,16,0.08572215089213817,8,0.13456764817237854,8
178,1,3,0.7731618302343654,8,0.8612207770347595,8
179,0,16,0.11496241859448897,2,0.49782291054725647,2
180,1,8,0.17708612982175556,8,0.11010117083787918,8
181,0,12,0.6143898442002093,4,0.7665767073631287,4
182,1,3,0.6405559337586159,1,0.5053703784942627,1
183,0,17,0.25527569868908445,6,0.24204173684120178,6
184,1,18,0.5614802198269154,1,0.5143212676048279,1
185,1,11,0.5726601488118476,7,0.47832414507865906,7
186,0,4,0.6565888190101369,9,0.5472057461738586,9
187,0,16,0.3369989792446038,1,0.4707884192466736,1
188,1,17,0.7507188458371732,3,0.8138453960418701,3
189,0,9,0.7612068443268134,8,0.7649387717247009,8
190,0,6,0.7190135894377417,2,0.6132811307907104,2
191,0,20,0.4533741128175123,2,0.49782291054725647,2
192,0,2,0.4853766644957823,1,0.48875758051872253,1
193,1,9,0.5581786723766737,9,0.5212728381156921,9
194,0,6,0.1894795034666944,7,0.304853618144989,7
195,1,3,0.5029170226993888,9,0.39659127593040466,9
196,1,20,0.8826141851086506,0,0.887028694152832,0
197,1,6,0.32801389931746794,3,0.26365944743156433,3
198,0,7,0.2366938109252593,4,0.17662614583969116,4
199,0,1,0.6705612854339427,5,0.7278974652290344,5
200,0,1,0.3249456503782154,3,0.30533459782600403,3
201,1,5,0.6083857248556178,0,0.5045865178108215,0
202,0,6,0.517080382180162,0,0.4089452028274536,0
203,0,13,0.3814108333458576,3,0.452252060174942,3
204,1,2,0.814541457601802,8,0.9088241457939148,8
205,1,15,0.7720611574222496,2,0.6132811307907104,2
206,0,15,0.17378606098644928,7,0.2843948304653168,7
207,0,13,0.21905336209909465,4,0.30049699544906616,4
208,0,14,0.1230982733900232,9,0.14222444593906403,9
209,0,7,0.0033932744697038296,4,0.08287033438682556,4
210,0,14,0.2081759818234364,4,0.30049699544906616,4
211,0,10,0.16341124596335707,8,0.2212517112493515,8
212,0,17,0.33490390800992936,7,0.39215603470802307,7
213,0,14,0.4361110247325337,9,0.36633697152137756,9
214,1,8,0.5152985528978873,1,0.5302993655204773,1
215,0,4,0.07211340587907056,3,0.11926315724849701,3
216,1,16,0.5215939454176635,7,0.5661028027534485,7
217,1,13,0.8062876493771373,2,0.6013895869255066,2
218,1,20,0.5134940664751193,5,0.43808379769325256,5
219,0,18,0.33898802555253904,6,0.29648008942604065,6
220,0,14,0.03255635138126638,4,0.1520126760005951,4
221,1,18,0.8697250732710066,9,0.7115190625190735,9
222,0,5,0.1689370229287379,1,0.42786332964897156,1
223,1,9,0.8934189018264675,6,0.8283397555351257,6
224,1,3,0.40164133931985635,5,0.4009798765182495,5
225,0,8,0.07208112683719602,2,0.3895971477031708,2
226,1,20,0.6052962260482657,5,0.4249630868434906,5
227,1,10,0.919904757945235,1,0.5487850308418274,1
228,1,19,0.5952868582101997,5,0.6796401739120483,5
229,0,3,0.10577710237523744,8,0.05874453857541084,8
230,1,11,0.7688586500307779,6,0.7379694581031799,6
231,1,11,0.25159420819946826,4,0.14835229516029358,4
232,1,17,0.41624945289162923,8,0.40352311730384827,8
233,1,16,0.8287562769626696,0,0.8637278079986572,0
234,0,7,0.060126962287634436,6,0.1397118717432022,6
235,1,4,0.6200019363590453,8,0.4831269085407257,8
236,0,19,0.7740253367036986,8,0.5651628375053406,8
237,1,12,0.6498897480342247,0,0.5797865986824036,0
238,1,15,0.41233409184248854,4,0.47091543674468994,4
239,1,11,0.573595764015093,4,0.4516561031341553,4
240,1,5,0.7422867587721178,1,0.5487850308418274,1
241,0,5,0.6819932638283874,0,0.5854589343070984,0
242,1,15,0.5757144274599072,5,0.5600553750991821,5
243,1,18,0.5151124886928741,9,0.4817368984222412,9
244,1,11,0.9387319415109047,0,0.8873749375343323,0
245,1,12,0.8267533505063447,7,0.7301291823387146,7
246,0,2,0.6466452574738779,7,0.6859468817710876,7
247,1,20,0.6038885374494515,9,0.6640549302101135,9
248,1,15,0.176973979126739,0,0.2721874713897705,0
249,1,20,0.6939590269883262,0,0.5609695911407471,0
250,1,4,0.9301642398838684,4,0.9301456809043884,4
251,0,18,0.3433568729303479,7,0.39497363567352295,7
252,0,6,0.02967125755748919,7,0.25238192081451416,7
253,0,19,0.17558833166654841,7,0.31568288803100586,7
254,1,11,0.9074605923060591,5,0.8374136090278625,5
255,1,2,0.8767457604440531,5,0.86327064037323,5
256,1,8,0.37007472459034335,5,0.4697045683860779,5
257,1,11,0.5597646089221293,2,0.5252861976623535,2
258,0,5,0.14452668286043466,8,0.10088381916284561,8
259,0,18,0.2579777442722554,5,0.3237002193927765,5
260,1,18,0.599640145252927,1,0.5053703784942627,1
261,0,14,0.6756571028561674,2,0.496352881193161,2
262,1,10,0.8998300844052762,0,0.7399990558624268,0
263,1,3,0.6728948274949769,6,0.753350555896759,6
264,1,9,0.7350809529613868,0,0.7972464561462402,0
265,1,3,0.565568922957488,9,0.5212728381156921,9
266,0,11,0.055515878274916663,8,0.0704287439584732,8
267,0,12,0.5510220261381691,4,0.5936175584793091,4
268,0,12,0.5751407624280137,3,0.7058975696563721,3
269,1,3,0.731430781188387,7,0.5369802713394165,7
270,0,7,0.06579564257468704,1,0.42786332964897156,1
271,1,14,0.9350998989043132,9,0.87749183177948,9
272,1,11,0.4842968420773911,8,0.45280757546424866,8
273,0,7,0.37641725045756214,7,0.3762351870536804,7
274,1,10,0.7427017398574127,8,0.8929595947265625,8
275,1,11,0.5598260779378949,6,0.460506409406662,6
276,0,15,0.44279723864499654,9,0.44530898332595825,9
277,0,19,0.31582974393362107,3,0.4970468580722809,3
278,1,16,0.539157606361279,2,0.4837002158164978,2
279,1,20,0.5870540571377579,8,0.8214618563652039,8
280,1,12,0.46490481870944483,4,0.37582698464393616,4
281,0,18,0.2399105969363142,4,0.19773195683956146,4
282,0,13,0.04666226725751482,5,0.0635824203491211,5
283,0,5,0.6413997575669258,1,0.5053703784942627,1
284,0,4,0.06402438422304883,0,0.2576445937156677,0
285,0,14,0.9564900780391093,3,0.8342135548591614,3
286,0,8,0.528810279969357,5,0.640961766242981,5
287,1,9,0.11660140880826277,9,0.1367759257555008,9
288,1,19,0.5494066236578212,2,0.4837002158164978,2
289,1,3,0.6469185252893589,1,0.5487850308418274,1
290,1,5,0.5623020634138391,7,0.569913923740387,7
291,0,18,0.450268545009445,3,0.6186960935592651,3
292,1,1,0.5717044150117893,9,0.6701823472976685,9
293,0,8,0.16915731947366563,2,0.3952930271625519,2
294,0,19,0.4374540300395648,0,0.433735191822052,0
295,0,17,0.5138849266665709,2,0.5252861976623535,2
296,1,17,0.4675178069621932,2,0.49782291054725647,2
297,0,11,0.5481409817972811,2,0.4837002158164978,2
298,0,2,0.2154767791649204,7,0.3279436230659485,7
299,0,6,0.10497398638219833,1,0.42786332964897156,1
300,0,14,0.41162798344325807,7,0.5232275724411011,7
301,1,3,0.7993448946643895,9,0.774816632270813,9
302,0,12,0.4869421222203402,8,0.45146408677101135,8
303,1,4,0.2106162128073649,6,0.22134041786193848,6
304,0,12,0.6992112719832259,1,0.5087124109268188,1
305,0,13,0.244628185352228,0,0.1872681826353073,0
306,0,2,0.1270283908364702,9,0.23137152194976807,9
307,1,2,0.7062233127790483,3,0.7565609216690063,3
308,0,15,0.6785079263231762,4,0.613584578037262,4
309,1,17,0.5303653711184947,5,0.7025153636932373,5
310,0,7,0.5450361264975565,0,0.6932560801506042,0
311,0,14,0.10289813535937482,1,0.42786332964897156,1
312,0,12,0.1332046820491328,9,0.13852229714393616,9
313,0,17,0.3732943647774396,4,0.26592037081718445,4
314,1,14,0.13585741108991348,3,0.271476686000824,3
315,0,6,0.5929931124693727,3,0.4845230281352997,3
316,1,19,0.5250112332571899,7,0.4773494005203247,7
317,1,6,0.4326600086112243,9,0.5350508689880371,9
318,0,18,0.3626333566259139,0,0.4576921761035919,0
319,1,5,0.3572200940374751,8,0.29520609974861145,8
320,1,6,0.5148844051394355,9,0.437202513217926,9
321,0,2,0.6653944609009378,5,0.6000761389732361,5
322,1,8,0.5168180962643197,0,0.5703251361846924,0
323,0,15,0.05073933006203944,7,0.28155770897865295,7
324,1,15,0.6077229844625787,9,0.6142882108688354,9
325,1,11,0.8902827278186735,6,0.8754593729972839,6
326,0,1,0.16958494518594464,2,0.46050089597702026,2
327,1,18,0.35118239770973964,8,0.13721400499343872,8
328,1,12,0.47465979799087654,6,0.34946173429489136,6
329,0,12,0.5050111849961728,5,0.5559104084968567,5
330,1,11,0.7648331865560585,1,0.5087124109268188,1
331,1,8,0.7032461627379888,1,0.537630021572113,1
332,0,7,0.25322829016919307,6,0.17611384391784668,6
333,1,2,0.8368065460521876,9,0.840735137462616,9
334,1,11,0.4172035263843168,1,0.470959335565567,1
335,0,10,0.5986044531717876,3,0.567995011806488,3
336,0,3,0.7409006972509179,0,0.8129327297210693,0
337,1,20,0.8358679157378712,4,0.8902714848518372,4
338,1,10,0.34096767528206817,2,0.46050089597702026,2
339,0,18,0.7629477994523133,2,0.6132811307907104,2
340,0,14,0.3827863491333323,8,0.549121081829071,8
341,1,18,0.6952176259027639,3,0.5467082858085632,3
342,0,8,0.1743757866944762,3,0.1506473273038864,3
343,0,10,0.8385999012640935,9,0.8521206378936768,9
344,1,13,0.8039910036117793,9,0.8434517979621887,9
345,1,8,0.38958213376529705,3,0.3805873394012451,3
346,1,4,0.8204633482154953,7,0.7050924897193909,7
347,1,4,0.9198651704476515,9,0.818988561630249,9
348,1,5,0.716155852555588,6,0.7379694581031799,6
349,0,1,0.40810707690438014,7,0.4339175224304199,7
350,0,17,0.2523801905563948,8,0.2500443458557129,8
351,0,2,0.07622874220713549,8,0.11101636290550232,8
352,1,8,0.2421902262578425,4,0.21845471858978271,4
353,0,7,0.474733625156369,7,0.4878994822502136,7
354,1,15,0.7225753109761563,7,0.546315610408783,7
355,1,5,0.6197708700447859,9,0.6131601929664612,9
356,0,2,0.2661310494621804,1,0.4651995599269867,1
357,0,7,0.4814723720415341,5,0.6771121025085449,5
358,0,8,0.2055229944784165,1,0.4380002021789551,1
359,1,7,0.48622933331959095,9,0.5081905722618103,9
360,0,7,0.12840541120442114,7,0.2843948304653168,7
361,0,14,0.22778125978716976,0,0.28011569380760193,0
362,1,18,0.48410404318033606,2,0.44253450632095337,2
363,0,6,0.45076192044673974,5,0.34729069471359253,5
364,0,4,0.5465128154306534,2,0.49782291054725647,2
365,1,10,0.8006787901431514,0,0.8490949273109436,0
366,1,18,0.3299467320354755,4,0.30049699544906616,4
367,1,12,0.45805581882569635,9,0.4857754111289978,9
368,0,16,0.5213734376524791,4,0.4111934006214142,4
369,1,7,0.3688792733127804,6,0.43467408418655396,6
370,0,6,0.18010709088266727,5,0.12174752354621887,5
371,1,5,0.13274839654218448,6,0.10501667857170105,6
372,1,3,0.08685715529512116,0,0.1473255753517151,0
373,0,12,0.26540232493179877,7,0.42843097448349,7
374,0,15,0.2132723790920699,0,0.4089452028274536,0
375,0,10,0.37875297458771046,4,0.5711217522621155,4
376,0,20,0.136322068713895,3,0.18748745322227478,3
377,0,19,0.18746355199497608,6,0.14818166196346283,6
378,0,16,0.11250150948956288,6,0.15609289705753326,6
379,1,11,0.8470424947408451,9,0.8114054203033447,9
380,1,8,0.9351551186534613,3,0.906398355960846,3
381,1,3,0.5469252950791981,2,0.5252861976623535,2
382,1,7,0.9757317940468133,5,0.9408292770385742,5
383,1,7,0.7948062878720328,1,0.5487850308418274,1
384,1,14,0.6952467080293977,0,0.8271222710609436,0
385,0,2,0.6595895068640114,1,0.48875758051872253,1
386,1,10,0.27863603742135645,7,0.3410271108150482,7
387,0,19,0.0649161082916956,3,0.19953566789627075,3
388,0,9,0.07808342508396615,5,0.0635824203491211,5
389,1,16,0.8272738394189354,0,0.8609303832054138,0
390,0,19,0.4393406809123365,9,0.5154898762702942,9
391,0,18,0.39880916142282763,8,0.3494580090045929,8
392,0,9,0.8487376942922479,2,0.6132811307907104,2
393,0,16,0.1267694018063762,2,0.4837002158164978,2
394,1,13,0.3362874911486429,1,0.470959335565567,1
395,1,10,0.7834410621270905,1,0.5487850308418274,1
396,1,20,0.8904345104472297,1,0.5487850308418274,1
397,0,14,0.2346383438989774,5,0.22295014560222626,5
398,0,12,0.5172670271687401,9,0.5767733454704285,9
399,0,19,0.5104062577164364,4,0.4516561031341553,4
400,1,7,0.9518499119616848,8,0.945410430431366,8
401,1,15,0.7153538122954736,6,0.7278780937194824,6
402,0,16,0.4693241134183019,7,0.5003374814987183,7
403,1,8,0.7261652494378871,6,0.6735411882400513,6
404,0,10,0.823303325121929,5,0.8946273922920227,5
405,1,4,0.682033645572844,5,0.5878598093986511,5
406,1,19,0.479241446782504,7,0.5229986906051636,7
407,0,19,0.396614515392914,1,0.4707884192466736,1
408,1,15,0.32469144449485254,8,0.23708902299404144,8
409,0,14,0.6167726513174127,7,0.5119664072990417,7
410,1,1,0.47126771926739913,1,0.470959335565567,1
411,1,16,0.8939217671088119,3,0.8392742872238159,3
412,1,10,0.7323397908367909,7,0.5781062841415405,7
413,0,19,0.15068243342280407,0,0.23953495919704437,0
414,1,3,0.7353076304034136,3,0.5689049959182739,3
415,0,5,0.4689210863290738,2,0.519325852394104,2
416,0,9,0.15200440250355376,3,0.25110238790512085,3
417,0,18,0.34442738580637833,5,0.2660067081451416,5
418,1,11,0.1859616073433125,2,0.4837002158164978,2
419,1,16,0.6539579202698167,6,0.523107647895813,6
420,0,2,0.02943125875209258,6,0.04399019479751587,6
421,0,12,0.24085665086888247,8,0.45280757546424866,8
422,1,6,0.5536097954392376,8,0.7381372451782227,8
423,0,11,0.17946276321627944,3,0.2313014566898346,3
424,0,8,0.4862417220764171,5,0.40727874636650085,5
425,1,12,0.04865774646215805,5,0.0635824203491211,5
426,0,2,0.8414250122320759,5,0.8591116666793823,5
427,0,9,0.10434743661622908,5,0.07244784384965897,5
428,0,15,0.13506655742602222,6,0.211660698056221,6
429,0,2,0.7907956768476532,2,0.5252861976623535,2
430,1,1,0.8869305513885709,0,0.8745920658111572,0
431,1,10,0.7964122589017492,4,0.5936175584793091,4
432,0,2,0.32843130828506173,6,0.4308112561702728,6
433,0,12,0.17866280253920694,3,0.18748745322227478,3
434,0,8,0.09640269167431546,7,0.2963561713695526,7
435,0,5,0.5047879342009909,3,0.404591828584671,3
436,0,1,0.2393437189623791,4,0.30566439032554626,4
437,1,15,0.5703548266713963,1,0.5053703784942627,1
438,0,6,0.6351620047271884,0,0.5561041831970215,0
439,0,12,0.4590028800904188,5,0.39783069491386414,5
440,1,8,0.45499108502378705,8,0.2607983946800232,8
441,0,13,0.27198685975687165,3,0.225505530834198,3
442,0,19,0.7791923532758561,9,0.5212728381156921,9
443,1,1,0.7896897408774806,8,0.7360426187515259,8
444,1,11,0.5307824806748088,0,0.5561041831970215,0
445,0,20,0.3712149044180196,9,0.3203621208667755,9
446,0,1,0.5968567962449837,9,0.551153302192688,9
447,1,8,0.4657946139683357,6,0.44767168164253235,6
448,0,5,0.4158297252678874,4,0.47091543674468994,4
449,0,17,0.453791530788332,6,0.4749945104122162,6
450,1,8,0.4004540822369638,7,0.3892790377140045,7
451,0,10,0.1668609346297313,6,0.24204173684120178,6
452,1,2,0.8929282088986267,4,0.9137564897537231,4
453,0,9,0.139627731746242,1,0.4380002021789551,1
454,1,3,0.8399410556210045,6,0.8875396251678467,6
455,1,18,0.692821396668752,0,0.8337761163711548,0
456,0,7,0.4419536246234299,8,0.4557889699935913,8
457,0,15,0.9062686342881977,8,0.945410430431366,8
458,1,20,0.7972124213885874,6,0.8219786882400513,6
459,1,18,0.9358148543107684,6,0.933513879776001,6
460,0,3,0.03904164989224038,8,0.060680780559778214,8
461,0,14,0.6316207138655688,8,0.5145339965820312,8
462,0,2,0.8101361625871097,3,0.7925662398338318,3
463,0,14,0.27825730275346316,5,0.2556053400039673,5
464,0,11,0.5508425619899247,9,0.5543911457061768,9
465,1,16,0.8507489696779049,9,0.7639250755310059,9
466,0,8,0.5363755020541392,7,0.5111148357391357,7
467,0,7,0.5531444092289894,2,0.49782291054725647,2
468,1,11,0.7918085560829475,5,0.8031334280967712,5
469,1,3,0.8006747610627967,5,0.838661789894104,5
470,1,17,0.3199334548448974,1,0.47713708877563477,1
471,1,14,0.8319090317750686,2,0.519325852394104,2
472,0,6,0.7885476806439401,4,0.782720685005188,4
473,0,8,0.1973822901203494,9,0.29901033639907837,9
474,0,5,0.3714388844434829,6,0.36690226197242737,6
475,0,8,0.37553575226802954,0,0.41995567083358765,0
476,1,2,0.612046267344535,8,0.5216741561889648,8
477,0,15,0.5189201669517081,3,0.4067886173725128,3
478,0,12,0.011623427197355533,6,0.06473905593156815,6
479,1,17,0.4656365993340708,1,0.470959335565567,1
480,1,1,0.8199188013047054,6,0.746241569519043,6
481,1,15,0.45049673172587473,2,0.519325852394104,2
482,1,14,0.7443320382448316,0,0.6018231511116028,0
483,0,20,0.46159342886096133,7,0.48740410804748535,7
484,1,16,0.5590035890232495,3,0.6274269223213196,3
485,1,9,0.9641793101813251,2,0.6265956163406372,2
486,1,1,0.8569305001832066,6,0.8875396251678467,6
487,1,17,0.8716361056147836,7,0.742459774017334,7
488,0,13,0.0729142518277816,8,0.1541542410850525,8
489,0,5,0.37207898398997175,2,0.4837002158164978,2
490,0,10,0.5843983130342368,0,0.4654761254787445,0
491,0,6,0.05473527929422013,2,0.3895971477031708,2
492,1,19,0.6435798288779405,8,0.5508288145065308,8
493,1,13,0.6563682238547754,9,0.7031757831573486,9
494,0,1,0.3175890371178555,3,0.4280547499656677,3
495,1,20,0.24153773730524347,3,0.2661776840686798,3
496,1,15,0.6813006327766745,1,0.522246778011322,1
497,1,14,0.40769205987924184,3,0.41689416766166687,3
498,0,8,0.49405920821279337,9,0.5116795301437378,9
499,1,10,0.7356808641421301,6,0.7375761866569519,6
